Dpse_gene,Dmel_ortholog,C1_adult,C2_adult,C3_adult,S1_adult,S2_adutl,C1_larva,C2_larva,C3_larva,S1_larva,Foldchange_sum
LOC117183165,Vha16-4,0,0,-0.525834282,0,0,0,0,0,-0.589531359,-1.11536564
LOC117183167,CG15143,0,-0.541514964,-0.79875318,-0.893995125,-0.693491573,0,-0.689150406,-0.711365863,-0.671487817,-4.999758928
LOC117183168,ND-MNLL,0.658617039,0,0,0,0,0.571596761,0.537016926,0,0,1.767230727
LOC117183171,NA,0,0.964274154,1.38301337,1.248761339,0.597144512,0,0.995612986,1.556501195,0.969839592,7.715147148
LOC117183177,NA,0,0,0,0,0,-0.613110519,0,0,0,-0.613110519
LOC117183196,CG30271,0,0,0,-0.625514311,0,0,-0.536893465,0,0,-1.162407775
LOC117183199,NA,0,0,0,0,0,0,0.578630206,0,0,0.578630206
LOC117183208,NA,0,0,-0.566833637,-0.521011006,-0.554975808,0,0,-0.548837499,0,-2.19165795
LOC117183240,NA,0,0,0,0,-0.627302212,0,0,0,0,-0.627302212
LOC117183297,CG13838,0,0,0,0.517960358,1.040807307,0,0,0,0,1.558767665
LOC117183308,NA,0,0,-0.758194697,-0.721663495,0,0,0,-0.640486212,0,-2.120344403
LOC117183344,NA,0,0,-0.527862725,0,-0.540737296,0,0,-0.504862397,0,-1.573462419
LOC117183394,NA,0,0.565534859,0.865461992,0,0,0,0.682893824,0.83004428,0,2.943934955
LOC117183400,NA,0,0,0,0,0,0,0,-0.521571522,0,-0.521571522
LOC117183405,NA,0,0,0,0,0,0,0,-0.610842781,0,-0.610842781
LOC117183491,NA,0,0.97643046,1.559676292,1.42012271,0.717118669,0,1.171084127,1.804736306,1.142111537,8.791280101
LOC117183508,gammaSnap1,0,0,0,0,-0.630865261,0,0,0,0,-0.630865261
LOC117183534,CG30356,0,0.52122612,0,0,0,0,0.519997858,0.617966146,0,1.659190124
LOC117183542,CG42383,0,0,-0.532047796,0,-0.625803126,0,-0.525967505,-0.518125559,0,-2.201943986
LOC117183695,NA,0,0,0.660133445,0.730498993,0,0,0,0.692771177,0.650199509,2.733603124
LOC117183696,NA,0,0.770332733,0.700639235,0.786436783,0.506817563,0,0.971950092,0.705203404,0.570848713,5.012228523
LOC117183738,NA,0,1.108411452,1.155406138,1.352142761,1.937608088,0.708343288,1.591780353,1.275965793,0.84451149,9.974169363
LOC117183754,NA,0,-0.524169976,0,0,0,0,0,-0.5657697,0,-1.089939676
LOC117183758,NA,0,0,-0.512352453,-0.580851494,0,0,0,-0.542476228,-0.505697581,-2.141377756
LOC117183914,nmd,0,0,-0.617166671,-0.501366902,-0.721252552,0,0,0,0,-1.839786126
LOC117183915,lft,0.684127451,0,0,0,0,0,0,0,0,0.684127451
LOC117183927,CG5781,0,0,0,0,1.107896922,0,0,0,0,1.107896922
LOC117183940,NA,0,0.856683342,0.913450975,0.824636772,0,0,0.909041874,0.854802056,0.683757424,5.042372444
LOC117183975,NA,0,1.247906761,1.646752428,1.472327696,0.731311385,0,1.541997168,1.991635747,1.28826327,9.920194454
LOC117183977,NA,0,0,0,0,0.593736805,0,0,0,0,0.593736805
LOC117183982,Clbn,0.572480569,0,0,0,0,0,0,0,0,0.572480569
LOC117184004,NA,0,0,0,0,0,0,0,0.508302833,0,0.508302833
LOC117184019,NA,0,1.09279984,1.623020764,1.463552705,0.99395542,0,1.452393828,2.046010953,1.112654539,9.784388049
LOC117184022,NA,0,0,-0.576365068,-0.653099025,0,0,0,-0.757228734,-0.69042031,-2.677113137
LOC117184072,NA,0,0.572367874,1.186134614,0.752737496,0,0,0.597378292,1.153072214,0.804351251,5.066041741
LOC117184129,NA,0,-0.512192303,-0.678443583,0,0,0,0,-0.512820666,-1.095747383,-2.799203935
LOC117184149,NA,0,0,0,0,0,0,0,-0.583105964,0,-0.583105964
LOC117184152,CG43052,0.576373043,0.710156195,0.807153889,0,0,0.571094164,0.802230717,0.768128666,0,4.235136675
LOC117184160,NA,0,0,0,0.558023373,1.277262319,0,0,0,0,1.835285693
LOC117184205,CG42634,0,0,0,0,0.611475435,0,0,0,0,0.611475435
LOC117184243,CG17493,0,0,0,0,0,0,0,-0.561176076,0,-0.561176076
LOC117184264,robl37BC,0,0,0,0,-0.505101772,0,-0.614278947,0,0,-1.119380719
LOC117184270,NA,0,-0.744027628,-0.845462379,-0.960899688,-0.679950612,0,-0.757750284,-1.042444598,-0.791700263,-5.822235451
LOC117184278,CG12347,0,0,0.62351165,0.543272418,0,0,0,0.711356598,0,1.878140666
LOC117184369,CG32686,0,0,0,0,0.801734177,0,0,0,0,0.801734177
LOC117184426,NA,0,0,0,0,-0.518542672,0,0,0,0,-0.518542672
LOC117184485,NA,0,0,0,0,0.600489189,0,0,0,0,0.600489189
LOC117184498,NA,-0.658529533,0,0,0,0.751066454,0,0,0,0,0.092536921
LOC117184503,NA,0,0,0,0,0,0.505098165,0,0,0,0.505098165
LOC117184539,NA,0,0,0.827109639,0.531795092,0,0,0,0.888365983,0,2.247270715
LOC117184597,NA,0,0.534383464,0.559278493,0.521297672,0.701906208,0,0.50664408,0.585888621,0,3.409398536
LOC117184603,NA,0,0,0,0.792298105,1.417064238,0,0,0,0,2.209362343
LOC117184674,NA,0,0.524038269,0.55157085,0,0,0,0.608497601,0.642016391,0,2.32612311
LOC117184709,CG45428,0,0,-0.505287622,0,-0.622014505,0,0,0,0,-1.127302127
LOC117184711,NA,0,0,0,0,0,0,0.597447252,0,0,0.597447252
LOC117184766,NA,0,0,-0.548685961,-0.597773214,-0.839892212,0,0,-0.549450845,0,-2.535802233
LOC117184790,NA,0,0.509061051,0.563942502,0,0,0,0,0.720281619,0,1.793285172
LOC117184805,CG33947,0,0,0.516296763,0,0,0,0,0.551973698,0,1.068270461
LOC117184823,NA,0,1.196908169,1.23734873,1.120851037,1.16439219,0,0.925848764,1.034412052,0.764233207,7.443994149
LOC117184843,NA,0,0.730324406,0.791244782,0.80505487,0.508193037,0,0.790611792,0.992671953,0.643570318,5.261671157
LOC117184890,NA,0,0.557795116,0.814642385,0,0,0,0.771631751,1.077152264,0.688587942,3.909809458
LOC117184918,NA,0,1.118262239,1.1626739,1.083111272,0,0.755543148,1.436449944,1.311278652,0.966887051,7.834206206
LOC117184924,CG12729,0,0,-0.5258977,-0.559693912,-0.702385448,0,0,-0.510126135,0,-2.298103195
LOC117184960,NA,0,0,0.533095143,0.603208887,0,0,0.615913186,0.679568883,0,2.431786099
LOC117184962,NA,0,0,0,0,0.648519655,0,-0.593636285,-0.531320409,-0.503004917,-0.979441957
LOC117184973,NA,0.820634521,0,0,0,0,0.519824372,0,0,0,1.340458893
LOC117185128,NA,0,0,0,0,0,0,0,0.826834711,0,0.826834711
LOC117185667,NA,0,0,0,0,0,0,0,0.54553937,0,0.54553937
LOC13036269,NA,-0.673323139,0,-0.531478733,0,-0.70673883,-0.804320015,-0.807710539,-0.668690875,-0.518229444,-4.710491576
LOC13036292,CG42359,0.536409365,0,0,0,0,0,0,0,0,0.536409365
LOC13036392,NA,0.65768568,0,0,0,0,0,0,0,0,0.65768568
LOC13036425,Alg-2,0.533614236,0,0,0,0,0,0,0,0,0.533614236
LOC13036428,CG33293,0,0,0,0,-0.506710211,0,0,0,0,-0.506710211
LOC13036443,CG31128,0,0.976543683,1.190097502,1.092466973,0,0,1.295806935,1.353428541,0.901872401,6.810216036
LOC13036451,NA,0.558548679,0,0,0,0,0,0,0,0,0.558548679
LOC13036500,NA,0,0,0,0,0,0,0.643791395,0.821057984,0.594108225,2.058957604
LOC13036504,x16,0.624618768,0,0,0,0,0,0,0,0,0.624618768
LOC13036532,CG34425,0,0,0,0,0,0,0,0,-0.677004809,-0.677004809
LOC15382902,HmgD,0.76955064,0.70462756,0,0,0,0,0.557400312,0,0,2.031578511
LOC26531978,NA,-0.509356535,0,0,0,0,0,0,0,0,-0.509356535
LOC26531995,NA,0,1.393919525,1.484697723,1.589235068,1.918449021,0.54636127,1.319538813,1.758567325,1.112950492,11.12371924
LOC26532023,NA,0,0,0,0,0,0,0,0.534773612,0,0.534773612
LOC26532033,NA,0,0.511943222,0.521714885,0.747009697,0,0,0.670903137,0.621520496,0,3.073091437
LOC26532050,NA,0,0,0,0,-0.595005027,-0.517604099,0,0,0,-1.112609125
LOC26532088,NA,0,0.56401341,0.511326206,0,0,0,0.629514993,0.525689398,0,2.230544006
LOC26532093,CG31697,0,0,0,0,-0.775688203,-0.553787101,-0.576610286,0,0,-1.90608559
LOC26532122,NA,0,0,0,0,0.960478241,0,0,0,0,0.960478241
LOC26532132,NA,0,0,0.586611314,0.695000892,0.519817535,0,0.610267836,0.790568215,0.541589778,3.743855569
LOC26532137,NA,0,0.548940437,0.81989062,0.748477077,0,0,0.789840945,0.985082687,0.687997286,4.580229053
LOC26532146,CG42690,0,0.62147383,0,0,0,0,0.846400622,0,0,1.467874452
LOC26532220,NA,0,0.72735237,1.266924505,0,0,0,1.01735049,1.654597799,0.78666805,5.452893214
LOC26532268,NA,0,0,0,0,0,0,0,0.645563607,0,0.645563607
LOC26532271,NA,0,-0.639751336,-0.62032319,-0.591867637,0,0,-0.518458222,-0.679501161,-0.713044484,-3.762946029
LOC26532275,RpL38,0.693200948,0,0,0,0,0,0,0,0,0.693200948
LOC26532324,CG46383,0,1.143909345,0.780124041,0,0,0,1.499243577,1.013376897,0,4.43665386
LOC26532325,CG42536,0,-0.541095483,-0.722761984,-0.690891327,-0.542219905,0,0,0,0,-2.496968699
LOC26532330,NA,-0.57893632,0,0,-0.530114639,0,0,0,0,0,-1.10905096
LOC26532421,NA,0,0.608099392,0.753967084,0.739416664,0,0,0.689970775,0.783579287,0.647192803,4.222226004
LOC26532426,NA,-0.728603288,-0.880515649,-0.933749579,-0.925793916,-1.054858219,0,-0.836469889,-1.209508195,-0.917087582,-7.486586317
LOC26532481,NA,0,0,0,0,-0.519214672,0,0,0,0,-0.519214672
LOC26532494,CG34222,-0.70849003,0,0,0,0,0,0,0,0,-0.70849003
LOC26532499,NA,0,0,0,0,1.073325097,0,0,0,0,1.073325097
LOC26532507,CG41520,0,0,0,0,0,0,-0.514792517,0,0,-0.514792517
LOC26532522,NA,0,-0.610100819,-0.853336935,-0.947645078,-0.870845849,0,-0.616062727,-1.162176597,-1.020770104,-6.080938108
LOC26532556,NA,0,0,0,0,0,0,0,0.757495262,0,0.757495262
LOC26532559,NA,0,0,0,0,0,0,0,0.694174332,0,0.694174332
LOC26532598,NA,-0.64440156,0,0,0,0,-0.712416318,0,0,0,-1.356817878
LOC26532636,CG42302,0,0,0,0,0,0,0,0.50729625,0,0.50729625
LOC26532640,NA,-0.570027383,0,0,0,-0.716287227,0,0,0,0,-1.28631461
LOC26532647,NA,0,0,0.850942992,0.684858123,0,0,0.532657986,0.928155515,0.688635952,3.685250568
LOC26532653,NA,0,0.823694078,0.629089704,0.595934373,0,0,0.750871172,0.587624063,0,3.38721339
LOC26532664,NA,0,0.613516535,0,0.516464572,0,0,0.662058981,0,0,1.792040088
LOC26532672,ProtA,0,0,0.650221763,0.607755834,0,0,0.549544815,0.771254318,0.585194887,3.163971618
LOC26532678,NA,0,0,0,0,0,-0.547989409,0,0,0,-0.547989409
LOC26532679,NA,0,0.660214389,0.654624504,0,0,0,0.768645354,0.610702782,0,2.694187028
LOC26532726,NA,0,-0.511107885,0,-0.510913014,-0.581541239,0,-0.647094487,0,0,-2.250656624
LOC26532737,CG9525,0,0,0,-0.517902052,0,0,0,0,0,-0.517902052
LOC26532779,CG43393,0,0,0,0,0,0.515534745,0.687591948,0,0,1.203126693
LOC26532805,NA,0,-0.699850957,-0.752787293,-0.64359561,0,0,0,-0.625293018,0,-2.721526878
LOC26532814,NA,0,0.745082771,0.780542901,0.79099266,0,0,1.039826412,0.794344988,0.590510414,4.741300147
LOC26532822,NA,-0.723388445,0,0,0,0,0,0,0,0,-0.723388445
LOC26532826,NA,0,-0.597872416,0,0,0,0,0,0,0,-0.597872416
LOC26532845,NA,0,0,0,0,0,-0.628912302,-0.613406924,0,0,-1.242319226
LOC26532850,NA,-0.506061078,-0.549070332,0,0,0,0,0,0,0,-1.05513141
LOC26532865,CG43195,0,0.526792697,0,0,0,0,0.645169766,0.558038154,0,1.730000616
LOC26532884,CG44253,0,-0.700371742,-1.062000057,0,0,0,-0.523647348,-0.67915636,-0.992549655,-3.957725162
LOC26532891,Dbp80,0.662590059,0,0,0,0,0,0,0,0,0.662590059
LOC26532919,NA,0,0,0,0,0,-0.586256104,-0.515109012,0,0,-1.101365116
LOC26532928,NA,0,0,0,0,0,0,0.51551253,0.700844198,0,1.216356728
LOC26532948,Prosalpha6,1.053223643,0,0,0,0,0,0,0,0,1.053223643
LOC26532952,NA,0,0.857172139,0.71393364,0,0,0,1.049883285,0.875307456,0,3.496296521
LOC26532972,NA,0,0,0,0,0,0,0.574989705,0,0,0.574989705
LOC26532987,CG43880,0,0,0.559005176,0,0,0,0.687742819,0.718269781,0,1.965017777
LOC26532988,NA,0,0,0,0,1.154998341,0,0,0,0,1.154998341
LOC26533015,NA,0,-0.510238882,0,-0.505478824,0,0,0,-0.504135085,0,-1.519852792
LOC26533018,NA,0,1.465847713,1.972759632,1.771244879,0.937631079,0,1.903399976,2.239038062,1.416600069,11.70652141
LOC26533021,fzr2,0,0,0,-0.507934822,-0.548833895,0,0,0,0,-1.056768717
LOC26533028,NA,0.871140277,0,0,0,0,0,0,0,0,0.871140277
LOC26533050,NA,0,0,0,0.805499312,1.143697638,-0.562000572,-0.585340819,0,0,0.801855558
LOC26533051,NA,0,0.544398043,0.554217635,0.602934522,0,0,0.573540106,0.662907747,0,2.937998053
LOC26533111,NA,0,0,0.691784088,0.733110807,0.502970127,0,0,0.984998644,0.738768307,3.651631971
LOC26533164,NA,0,0,1.01114312,0.683371802,0,0,0.658161454,1.150522691,0,3.503199067
LOC26533173,NA,0,0.684989781,0.875836344,0.810069435,0,0,0.778085434,0.965750583,0.724086546,4.838818123
LOC26533204,NA,1.059864224,0,0,0,0,0.880364463,0,0,0,1.940228686
LOC26533208,NA,0,-0.585130357,-0.723446161,-0.889106396,0,0,-0.567936858,-0.552156252,-0.563014355,-3.880790379
LOC26533218,NA,0,0,0,0,-0.562583019,0,0,0,0,-0.562583019
LOC26533249,NA,0,0,0,-0.627362584,0,0,0,0,0,-0.627362584
LOC26533256,CG42697,0,-0.519417775,-0.800812834,-0.921767686,-0.938169129,0,0,-0.832030667,-0.731464073,-4.743662164
LOC26533268,NA,0,0,0,0,0,0,0,-0.770799993,0,-0.770799993
LOC26533274,NA,0,0,0,0,0.564191899,0,0,0,0,0.564191899
LOC26533276,Ip259,0.671759249,0,0,0,0,0,0,0,0,0.671759249
LOC26533296,NA,0,0,0,0,0.610648081,0,0,0,0,0.610648081
LOC26533301,NA,0,0,-0.763374859,0,0,0,0,0,-0.766377914,-1.529752773
LOC26533304,NA,0,0.69963708,0.786700852,0.712951316,0,0,0.960692071,0.92936546,0.651671687,4.741018465
LOC26533322,NA,0,0.921331287,1.078610951,0.942142955,0.508249243,0,1.206240671,1.131928887,0.786869767,6.575373761
LOC26533335,NA,0,0,0,0,0,0,0,-0.533740617,0,-0.533740617
LOC26533342,NA,0,0,0,0,0,0,0.670736093,0.574264964,0,1.245001057
LOC26533346,NA,0,0,0,0,-0.547223988,0,0,0,0,-0.547223988
LOC26533351,NA,0,0,0.559598809,0,0,0,0,0,0,0.559598809
LOC26533417,NA,0,0.700997125,0.683210977,0.639435759,0,0,0.677748818,0.72735347,0,3.428746149
LOC26533476,NA,0,0.671330621,0.954743064,0.695008167,0,0,0.860568493,0.990174416,0.535554048,4.707378808
LOC26533493,NA,0,0.537559433,0.660767078,0,0,0,0.59502443,0.782045016,0,2.575395956
LOC26533523,NA,0,0.789632072,0.831136088,0,0,0,1.244063786,1.145406768,0,4.010238715
LOC26533549,NA,0.555773709,0,0,0,0,0,0,0,0,0.555773709
LOC26533564,ich,0,0,0,0,0,0,0,0.519802859,0,0.519802859
LOC26533572,CG42718,0,0,0,0,0,0,0,0.55640342,0,0.55640342
LOC26533620,NA,0,0.533802063,0.537136885,0.582547454,0,0,0,0.526460198,0,2.1799466
LOC26533629,NA,0,0,0,-0.704003982,-0.698280234,0,0,-0.736875661,-0.617286623,-2.7564465
LOC26533665,NA,0,0,0,0,-0.530174459,0,0,0,0,-0.530174459
LOC26533673,NA,0,0,0,0,0,0,0,0,-0.512489845,-0.512489845
LOC26533720,NA,0,0.954834129,0.931301631,0.848164528,0,0,1.379132602,1.193664327,0.732769932,6.039867149
LOC26533778,CG15579,0,0,0.592706238,0.663391838,0,0,0.549829708,0.695283041,0.500954264,3.00216509
LOC26533826,NA,0,0,0,0,0.88580403,0,0,0,0,0.88580403
LOC26533836,NA,0.567206163,0,0,0,0,0.616375253,0,0,0,1.183581416
LOC26533868,NA,0,0,0,0,0,0,0,-0.517008281,0,-0.517008281
LOC26533905,CG34459,0,-0.662140773,-0.977009874,0,0,0,-0.682698031,-0.802085323,-1.04761146,-4.171545461
LOC26533977,NA,0,1.75016877,2.121769715,1.871333895,1.240719023,0,2.311111239,2.571481387,1.431439951,13.29802398
LOC26533982,Pym,0,0,0,0,0,0,0,-0.555626974,0,-0.555626974
LOC26533992,CG34235,-0.544646506,0,0,0,-0.756808381,0,0,0,0,-1.301454886
LOC26534029,NA,0,0.722265232,1.152329204,1.11184615,0,0,0.625009902,1.296604759,0.901508249,5.809563496
LOC26534044,NA,0,0,0,0,1.143443408,0,0,0,0,1.143443408
LOC26534110,NA,0,0,0,0,1.10621367,0,0,0,0,1.10621367
LOC26534126,NA,0.81106898,0,0,0,0,0.874546452,0,0,0,1.685615433
LOC26534138,CG4995,0,0,0,0,0,-0.624471206,0,0,0,-0.624471206
LOC26534160,NA,0,0,0,0,-0.515732132,0,0,0,0,-0.515732132
LOC26534170,CG13455,0,0,0,-0.750410767,0,0,0,0,0,-0.750410767
LOC26534172,NA,0,0,0,0,0,0,0.595859335,0,0,0.595859335
LOC26534210,NA,0,0,-0.522806475,-0.585879365,0,0,0,0,0,-1.10868584
LOC26534214,NA,0,0,0,0,0,0,0,-1.367045253,0,-1.367045253
LOC26534315,Mob3,0.512750576,0,0,0,0,0,0,0,0,0.512750576
LOC26534326,NA,0,0,0,0,0,0,0,0.589426959,0,0.589426959
LOC26534369,NA,0,0.692211669,0.672633312,0.580129025,0,0,0.778822306,0.662970492,0.531748962,3.918515766
LOC26534371,NA,0,0,0.618622244,0,0,0,0,0.550053057,0,1.168675301
LOC26534373,NA,0,0,0,0,0.6817971,0,0,0,0,0.6817971
LOC26534374,NA,0,0.939260197,1.006031423,0.980088307,2.694098068,0,0.852022492,0.695705919,0,7.167206406
LOC26534377,NA,0,0,0,0,-0.660308819,0,0,0,0,-0.660308819
LOC26534385,NA,-0.566376,0,0,0,0,0,0,0,0,-0.566376
LOC26534434,NA,0,0,0.63413539,0.590112477,0,0,0.710318339,0.895555946,0.672815572,3.502937724
LOC26534449,CG44622,0,0.628757796,0,0,0,0,0.849516295,0,0,1.478274092
LOC26534456,NA,0,0,0.684470215,0.746387546,0,0,0.61728734,0.808104874,0.652365729,3.508615705
LOC4800235,Nph,0,0.8470395,0.970404695,0.827542274,0.54504315,0,0.917794314,1.029782461,0.684111848,5.821718241
LOC4800239,CG10877,0,0,0.681143428,0,0,0,0.779269849,0.845207817,0,2.305621093
LOC4800240,RpS8,0.526012452,0,0,0,0,0,0,0,0,0.526012452
LOC4800249,RpL32,0,0,0,0,-0.585290916,0,-0.553626755,-0.745219194,0,-1.884136865
LOC4800268,CG12069,0,0,0.559068033,0.535904161,0,0,0.609736482,0.651835041,0,2.356543717
LOC4800277,CG7946,0,0,0,0,0,0,0,0.540958284,0,0.540958284
LOC4800291,CG15526,0,0,0,0,0,0,0,0.604856518,0,0.604856518
LOC4800306,CG31010,0,0,0.543561455,0,0,0,0.768574782,0.921653384,0.654561892,2.888351513
LOC4800308,NA,0,0,0,0,0.710305198,0,0,0,0,0.710305198
LOC4800325,CG15549,0,0,0,0,0,0,0.598920396,0,0,0.598920396
LOC4800330,CG31008,0,0.637528137,0,0,0,0,0.734115817,0,0,1.371643954
LOC4800349,ATPsynC,1.05425262,0,0,0,0,0.703460655,0,0,0,1.757713275
LOC4800393,mRpS18C,0,-0.620906587,0,0,0,0,-0.579926931,0,0,-1.200833519
LOC4800395,Fer2LCH,0,-0.59091103,-0.529326891,-0.581791447,0,0,-0.582464491,-0.601831324,0,-2.886325184
LOC4800403,RpS7,0.839875022,0.727710017,0.952982766,0,0,0,0.68272916,0.77026665,0,3.973563616
LOC4800407,Bet5,0.651243984,0,0,0,0,0.527165634,0,0,0,1.178409618
LOC4800421,RpS3,0.590143061,0,0,0,0,0,0,0,0,0.590143061
LOC4800427,CG6980,0,0,-0.630439412,-0.806038135,0,0,0,0,-0.847081799,-2.283559345
LOC4800446,Ppox,0,0.661505928,0.980509391,0.979637505,0,0,0.757247815,1.03361118,0.800982332,5.21349415
LOC4800447,CG31126,0,0.503926348,0,0,0,0.5880373,0.639794611,0,0,1.731758259
LOC4800460,Cyt-c1L,0.65421823,0,0,0,0,0,0,0,0,0.65421823
LOC4800489,CG1907,0,0,0,-0.507380036,-0.572852482,0,0,0,0,-1.080232518
LOC4800496,Bub3,0.52763593,0,0,0,0,0,0,0,0,0.52763593
LOC4800515,NP15.6,0,-0.775897082,-0.507803617,0,0,0,-0.622117488,-0.523591135,-0.515106913,-2.944516235
LOC4800525,Snx3,0,0,0,0,-0.528487312,0,0,0,0,-0.528487312
LOC4800536,TFAM,0,0,0,0,0,0,0.512264726,0,0,0.512264726
LOC4800569,prt,0,0,0.607617015,0.655161695,0,0.537834821,0.84015046,0.621056349,0,3.26182034
LOC4800575,CG10365,-0.613878838,0,0,0,0,0,0,0,0,-0.613878838
LOC4800596,betaTub85D,0,0,0,-0.520981142,0,0,0,-0.55670049,0,-1.077681632
LOC4800643,ATPsynCF6,0.756479514,0.711016192,0.630355404,0,0,0.58217053,0.719009964,0.505495913,0,3.904527517
LOC4800651,Prx3,0.868889814,0.69361461,0,0,0,0.808912314,0.834083281,0,0,3.205500017
LOC4800722,gskt,0,0,0,0,0,0,-0.519509649,0,0,-0.519509649
LOC4800772,Npc2e,0,0,-0.595213503,-0.698361179,-0.557522694,0,0,-0.642714913,-0.668351969,-3.162164258
LOC4800830,CG17202,0.512751546,0,0,0,0,0,0,0,0,0.512751546
LOC4800831,Pp1-87B,0.533419564,0,0,0,0,0,0,0,0,0.533419564
LOC4800856,Rab1,0.508915965,0,0,0,0,0,0,0,0,0.508915965
LOC4800857,AP-2sigma,0,0,0,0,0,0.514903645,0,0,0,0.514903645
LOC4800858,Idi,0.603039898,0,0,0,0,0,0,0,0,0.603039898
LOC4800919,CG4704,0,0,0,0,0,0,0,0.50862884,0,0.50862884
LOC4800956,CG7910,0,0,0,-0.630031195,0,0,0,0,-0.50461054,-1.134641735
LOC4800973,CG6569,0,0,0,-0.603078635,-0.620456821,0,0,0,0,-1.223535456
LOC4800976,CG31178,0,0,0,0,0,0,0.580499034,0.505042835,0,1.085541869
LOC4800979,CG31465,0,0,0,-0.78891864,0,0,0,0,-0.872452476,-1.661371116
LOC4800982,CG17819,0,1.014256607,1.022697647,0.938402033,0.654344002,0.508773663,1.081747962,1.130912738,0.873192439,7.224327091
LOC4801009,CG11779,0,0,0,0,1.036599879,0,0,0,0,1.036599879
LOC4801026,cwo,0,0,0,0,1.171861457,0,0,0,0,1.171861457
LOC4801035,pont,0,0,0,0,0,0,0,0,-0.542560567,-0.542560567
LOC4801048,CG5292,0,0,0.608669523,0.535970545,0,0,0,0.682652157,0.521385049,2.348677274
LOC4801053,tws,0,0,0,0,0,0,0,-1.261908921,0,-1.261908921
LOC4801078,CG8461,0,-0.579383851,-0.748536375,-0.622851284,0,0,-0.527108622,-0.817754962,-0.576513403,-3.872148497
LOC4801103,Gp93,0,0.626383506,0.561315933,0,0,0,0.545146637,0,0,1.732846076
LOC4801109,RpL4,0.633252062,0,0,0,0,0,0,0,0,0.633252062
LOC4801117,RpL6,0.514521218,0,0,0,0,0,0,0,0,0.514521218
LOC4801140,spz,0,-0.821914384,-0.81059365,0,0,0,-0.766297272,-0.805586626,0,-3.204391933
LOC4801143,CG6066,0.545934742,0,0,0,0,0,0,0,0,0.545934742
LOC4801146,CG6059,0,0,0,0,0.888812087,0,0,0,0,0.888812087
LOC4801194,CG5823,0,0,0,0,-0.513701165,0,0,0,0,-0.513701165
LOC4801208,Brf,0,-0.610769313,-0.536100763,-0.618327231,0,0,-0.665846746,-0.591177486,0,-3.022221539
LOC4801221,CG17083,-0.536306452,0,0,0,0,0,0,0,0,-0.536306452
LOC4801224,NA,0,0,0.562185154,0,1.50185156,0,0,0,0,2.064036715
LOC4801228,Rad60,0,0,0,-0.594963014,0,0,0,0,-0.517585463,-1.112548477
LOC4801236,CG13829,0,0,0.501144095,0,0,0,0.690826392,0.56862041,0,1.760590897
LOC4801237,VhaAC39-2,0,0.560623704,0.553895415,0,0,0,0.683530616,0.659413239,0,2.457462974
LOC4801242,CG14260,0,0.514968493,0.551402851,0.546084141,0,0,0,0.587235609,0.597561475,2.797252568
LOC4801252,CG31068,0,-0.81686965,-1.034002677,-0.966296022,-0.503659722,-0.551206815,-0.791861029,-0.816031971,-0.942927927,-6.422855812
LOC4801261,Ccm3,0,0,0.672025465,0.682125187,0,0,0.578481594,0.646351718,0,2.578983964
LOC4801366,NA,1.086350515,0,0,0,0,0.566812066,0,0,0,1.653162581
LOC4801370,CG11781,0.519881205,0,0,0,0,0,0,0,0,0.519881205
LOC4801371,beta4GalT7,0.611851985,0,0,0,0,0.62237365,0,0,0,1.234225635
LOC4801390,CG14380,0,0,0,0,-0.527626778,0,0,0,0,-0.527626778
LOC4801407,CG8031,0,0.524950246,0,0,0,0,0,0.606093322,0,1.131043568
LOC4801412,Paip2,0,0,0,0,-0.507547586,0,0,0,0,-0.507547586
LOC4801415,CG14384,0,-0.634393055,0,0,-0.738825629,0,-0.538510323,0,0,-1.911729008
LOC4801419,grsm,0.552128818,0,0,0,0,0,0,0,0,0.552128818
LOC4801436,CG14305,-0.515441839,0,0,0,0,0,0,0,0,-0.515441839
LOC4801441,CG7691,0,0,0,0,0,0,0,-0.505797573,0,-0.505797573
LOC4801453,gl,0.519985346,0,0,0,0,0,0,0,0,0.519985346
LOC4801480,CG2023,0,-0.594447573,0,0,0,0,-0.521748339,0,0,-1.116195912
LOC4801485,CG10979,0,0,0,-0.625620466,0,0,0,0,0,-0.625620466
LOC4801488,CG16904,0,0,0,-0.513347648,0,0,0,0,0,-0.513347648
LOC4801504,RpS29,0.575377479,0,0.633434571,0,0,0,0,0,0,1.20881205
LOC4801556,CG17272,0,0,0.630741921,0,0,0,0.762810499,0.747985355,0,2.141537775
LOC4801576,TfIIA-S,0,-0.526187806,-0.504289928,0,0,0,0,0,0,-1.030477734
LOC4801613,CG14839,0,-0.844306259,-1.112575118,-0.520292917,0,0,-0.803056359,-0.724914963,-1.0295598,-5.034705415
LOC4801614,CG14841,0,-0.577354781,-0.708753162,-0.965593162,0,0,-0.520855034,0,-1.187078185,-3.959634324
LOC4801658,CCT1,0.630765845,0,0,0,0,0,0,0,0,0.630765845
LOC4801660,Pfdn5,0.518700116,0.507846461,0,0,0.574614997,0.548389921,0.549651745,0,0,2.699203241
LOC4801682,Gpdh3,0,0,0,0,0.831886634,0,0,0,0,0.831886634
LOC4801702,CG7352,0,0,-0.589757108,-0.614326485,-0.6728721,0,-0.535675895,-0.52246981,-0.503986202,-3.439087599
LOC4801740,RpS19b,0.729627155,0,0,0,0,0,0,0,0,0.729627155
LOC4801748,CG13603,0,0,0,0,0,0.553611704,0,0,0,0.553611704
LOC4801758,Rox8,0,0.619757505,0.518027632,0,0,0,0.643064913,0.589875303,0,2.370725354
LOC4801764,eIF4EHP,0,0,0,0,0,0,0,0.678634012,0,0.678634012
LOC4801793,Spase22-23,0.690170168,0,0,0,0,0,0,0,0,0.690170168
LOC4801805,Sgt1,0,-0.591521329,-0.505471943,-0.824517114,0,0,0,0,-0.777470269,-2.698980655
LOC4801809,CG11694,0,-0.660790807,-0.883533028,-0.550973381,0,0,-0.613969422,-0.645169242,-1.131496238,-4.485932119
LOC4801810,CG11698,0,-0.735462,-1.190285312,0,0,0,-0.726157924,-0.910964126,-0.869937541,-4.432806904
LOC4801811,CG7483,0,0,0,0,0,0.511840714,0,0,0,0.511840714
LOC4801827,CG14297,0,0.74301847,0.656117118,0.64606749,0,0,1.021932188,0.816882767,0,3.884018033
LOC4801833,Mpc1,0,0,0.521212412,0,0,0,0,0.518643408,0,1.03985582
LOC4801865,Dic2,0,0.620655397,0.790256537,0.691769519,0,0,0.780387324,0.906234626,0.674152932,4.463456337
LOC4801881,CG17919,0,0,0,0,0,0,0,0,-0.706198052,-0.706198052
LOC4801918,CG15580,0,0.839089688,1.529363383,1.094457203,0,0,1.00374711,1.740717891,1.026897559,7.234272833
LOC4801920,Rm62,0,0.618063633,0.567445871,0.549686158,0,0,0,0.645300033,0,2.380495694
LOC4801948,soti,-0.618405397,0,0,0,-0.572126817,0,0,0,0,-1.190532215
LOC4801961,ND-42,0.635592535,0,0,0,0,0,0,0,0,0.635592535
LOC4801970,CG8043,0,0.507316129,0.688997644,0.610150994,0,0,0.53941974,0.718093845,0.625403847,3.689382199
LOC4801980,CG1890,0.702551013,0,0,0,0,0,0,0,0,0.702551013
LOC4802008,NA,0.585104623,0,0,0,0,0,0,0,0,0.585104623
LOC4802025,CG11753,0.520001542,0,0,0,0,0,0,0,0,0.520001542
LOC4802041,RpL13A,0.578854476,0,0,0,0,0,0,0,0,0.578854476
LOC4802049,CG2104,0,-0.541368388,0,-0.563683054,-0.680913157,0,0,0,0,-1.785964599
LOC4802064,Rpn5,0.654992994,0,0,0,0,0,0,0,0,0.654992994
LOC4802069,CCT3,0.504900953,0,0,0,0,0,0,0,0,0.504900953
LOC4802121,veli,0.65614933,0,0,0,0,0,0,0,0,0.65614933
LOC4802122,CG31109,0.53486082,0,0,0,0,0,0,0,0,0.53486082
LOC4802174,Hex-t1,0,0.695011077,0,0,0,0,0.724868278,0.582045897,0,2.001925252
LOC4802184,Ald1,0,0,0,0,0,0,0.506407828,0,0,0.506407828
LOC4802192,CG14556,0,0,-0.520847314,0,-0.603541164,0,0,0,0,-1.124388478
LOC4802222,CG14546,0,0,0,0,0,0,0,0,-0.689531664,-0.689531664
LOC4802237,Ada2a,0.786428432,0,0,0,0,0.594354647,0,0,0,1.380783079
LOC4802241,14-3-3epsilon,0.547092474,0,0,0,0,0,0,0,0,0.547092474
LOC4802278,sunz,-0.765531555,0,0,0,0,0,0,0,0,-0.765531555
LOC4802279,sowi,0,0.787642956,1.562572957,0.760967422,0,0,1.029852168,1.713634413,0.969863235,6.824533152
LOC4802347,CG31099,0,0.576109182,0.82575078,0.756172002,0,0,0.746978637,1.176757572,0.859116492,4.940884665
LOC4802373,CG14712,0,0,0.667978368,0.624983006,0,0,0,0.550253061,0,1.843214435
LOC4802379,CG14715,0.501253207,0,0,0,0,0.512395062,0,0,0,1.013648269
LOC4802384,CG7655,0,0.509372271,0,0,0,0,0.532243195,0,0,1.041615466
LOC4802390,RpS5b,0.890636013,0.712937131,0,0,0,0,0.559396913,0,0,2.162970056
LOC4802393,CG14861,0,0.502096948,0.572019607,0.544383337,0,0,0.585731934,0.747678843,0.502191162,3.454101831
LOC4802397,CG6966,0,0,0,0,0.85797604,0,0,0,0,0.85797604
LOC4802409,Spn88Ea,0,0.601097212,0,0,0,0,0.524537238,0,0,1.12563445
LOC4802419,ymp,-0.872714289,0,0,0,0,-0.586723458,0,0,0,-1.459437746
LOC4802442,RpL35A,0,0,0,-0.517633038,0,0,0,0,0,-0.517633038
LOC4802444,CG14669,0,0,0,0,0,0,0.528776546,0.655628822,0,1.184405368
LOC4802470,Dhfr,0.513194163,0,0,0,0,0,0,0,0,0.513194163
LOC4802488,Tim17a1,0,0,0,0,-0.73053732,0,0,0,0,-0.73053732
LOC4802495,Vps37B,0,0,0,0,-0.682792179,0,-0.598916089,0,0,-1.281708268
LOC4802499,dpr16,0,-0.521344013,0,0,0,0,0,0,0,-0.521344013
LOC4802514,CG14658,0,0.918512955,0.740934006,0.755184131,0.591195286,0,0.99265113,0.803714516,0.563063383,5.365255407
LOC4802530,CG8176,0,0,0,0,0,0,0,-0.570288786,0,-0.570288786
LOC4802537,CG8149,0.551596021,0,0,0,0,0,0,0,0,0.551596021
LOC4802556,CG10317,-0.651548192,0,0,0,0,0,0,0,0,-0.651548192
LOC4802563,SF2,0.779093979,0,0,0,0,0,0,0,0,0.779093979
LOC4802571,Mst89B,-0.530072483,0,0,0,0,0,0,0,0,-0.530072483
LOC4802576,aurA,0,0,0,0,0,0,0,-0.632455062,0,-0.632455062
LOC4802578,GC1,0,0,0.584707627,0.515772077,0,0,0,0.572581699,0.544731067,2.21779247
LOC4802593,ssp5,0,0.684674242,1.05248527,0.948110591,0,0,0.80676641,1.131441538,0.760030325,5.383508376
LOC4802595,CG14739,0,1.044770613,1.095729434,1.069915464,0.641328005,0,1.23460077,1.303256265,0.934875403,7.324475954
LOC4802607,CG10014,-0.649828909,0,0,0,0,0,0,0,0,-0.649828909
LOC4802654,Acam,0,0.735757011,0.650114995,0.696495816,0,0,0.932034875,0.864491051,0,3.878893747
LOC4802659,CG4956,0,0,0,0,-0.587078915,0,0,0,0,-0.587078915
LOC4802667,RpL27,0.637295496,0,0,0,0,0,0,0,0,0.637295496
LOC4802732,CG9804,0,0,0,0,-0.501552765,0,0,0,0,-0.501552765
LOC4802736,CG31528,0,0,0.709958258,0.618956755,0,0,0,0.776701167,0.545794389,2.651410569
LOC4802756,Vps24,0,0,0,0,-0.637847447,0,0,0,0,-0.637847447
LOC4802758,cpx,0,-0.539927396,-0.665921588,-0.74009042,-0.68236234,0,-0.566614441,-0.735577853,-0.679200515,-4.609694552
LOC4802794,Dnali1,-0.620589988,0,0,0,0,0,0,0,0,-0.620589988
LOC4802802,p23,0.732377248,0.529161396,0,0,0,0,0,0,0,1.261538643
LOC4802814,CG5276,0,0,-0.659330166,0,-0.513419678,0,-0.601066282,-0.589074719,0,-2.362890845
LOC4802823,CG10898,0,0.635366353,0.855392389,0.850093545,0,0,0.723209104,0.958005824,0.759969413,4.782036629
LOC4802832,ClC-a,0,0,0.549046104,0.516907188,0,0,0,0.609723586,0.583498235,2.259175114
LOC4802844,CG14718,0,0.891174073,0.876627127,0.812052122,0.513385268,0,1.060162285,1.119909689,0.730305816,6.003616379
LOC4802850,Ho,0,0,0,-0.508900439,-0.691611589,0,0,0,0,-1.200512028
LOC4802874,Bin1,0.573407327,0,0,0,0,0,0,0,0,0.573407327
LOC4802880,CG5903,0,0,0,0,-0.631907423,0,0,0,0,-0.631907423
LOC4802898,Rpb7,0,0,0,0,0,0.594707625,0.662533303,0,0,1.257240928
LOC4802909,CG4572,0.564466159,0,0,0,0,0,0,0,0,0.564466159
LOC4802918,CG10068,0,0,0,0,0,0,0,-0.556469412,0,-0.556469412
LOC4802964,alpha-Est2,0,0,0,0,-0.610509215,0,0,0,0,-0.610509215
LOC4802969,CG2616,0,0,0.507711995,0,0,0,0,0,0,0.507711995
LOC4802970,CG11286,0,0.892672713,1.290469485,1.247471536,2.637070635,0,1.192251791,1.50800475,0.728207602,9.496148512
LOC4803006,Cks85A,0,0,0,0,0,0,0,-0.835458509,0,-0.835458509
LOC4803017,CG33189,0,-0.533732954,-0.579807354,0,-1.033314812,0,-0.613912762,0,0,-2.760767882
LOC4803026,Mst85C,0.579856271,0,0,0,0,0,0,0,0,0.579856271
LOC4803028,Nmdmc,0,0.506514328,0.590789786,0.637589064,0,0,0.55548521,0.658971419,0.520069396,3.469419203
LOC4803036,Prosbeta3,0.514350646,0,0,0,0,0,0,0,0,0.514350646
LOC4803066,CG33934,0,0,0.579902125,0,0,0,0.653108369,0.62300147,0,1.856011964
LOC4803097,ATPsynO,0.542302338,0,0,0,0,0,0,0,0,0.542302338
LOC4803102,MRG15,0,0,-0.580261566,0,0,0,-0.543974933,-0.67653402,0,-1.800770519
LOC4803141,Tctp,0,0,0,0,-0.575186337,0,0,0,0,-0.575186337
LOC4803147,RpL3,0.858538345,0,0,0,0,0,0,0,0,0.858538345
LOC4803173,CG7215,0.507758346,0,0.503866907,0,0,0.618654685,0.526964461,0.556703856,0,2.713948256
LOC4803195,RpL24-like,0.523918383,0,0,0,0,0,0,0,0,0.523918383
LOC4803228,CG4073,0,0,0,-0.514730269,0,0,0,0,0,-0.514730269
LOC4803229,CG14689,0,0,0,0,-0.606470727,0,0,0,0,-0.606470727
LOC4803232,CG31373,0,-0.583015332,0,0,0,0,0,0,0,-0.583015332
LOC4803239,CG5555,0,0,0,0,-0.578306334,0,0,0,0,-0.578306334
LOC4803243,CG11703,0,0,0,-0.566392245,-0.659045593,0,0,0,0,-1.225437838
LOC4803247,CG5217,0,0,0,0,0,-0.543721001,0,0,0,-0.543721001
LOC4803251,CG3581,0,0.722764149,0.674657016,0.620792355,0,0,0.880186035,0.867584782,0.51964774,4.285632077
LOC4803253,CG31245,0,0,0,0,0.567693817,0,0,0,0,0.567693817
LOC4803260,CG3517,0,0.623864086,0,0,0,0,0.654518701,0,0,1.278382788
LOC4803263,CG15025,0,0,0,0,1.1234234,0,0,0,0,1.1234234
LOC4803273,Vha13,0,0,0,0,-0.697608622,0,0,-0.517654575,0,-1.215263197
LOC4803290,Ref1,0.545340307,0,0,0,0,0,0,0,0,0.545340307
LOC4803300,CG31207,0,0,0,0,0,0,0,0.529537375,0,0.529537375
LOC4803315,CG31294,0,0,0.771227609,0,0,0,0.554147733,1.097921229,0,2.423296571
LOC4803318,CG5623,0,0.519944925,0,0,0,0,0,0.509332388,0,1.029277314
LOC4803320,CG5614,0,0,0,0,-0.522521741,0,0,0,0,-0.522521741
LOC4803334,Cndp2,0.569678021,0,0,0,0,0,0,0,0,0.569678021
LOC4803345,CG17048,0,0,0.51608882,0,0,0,0,0.521020113,0,1.037108933
LOC4803358,ND-51L2,0,0,0,0,-0.595331318,0,0,0,0,-0.595331318
LOC4803373,CCT5,0.784413274,0,0,0,0,0,0,0,0,0.784413274
LOC4803394,Nxt1,0.615324933,0,0,0,0,0,0,0,0,0.615324933
LOC4803412,CG15237,0,0.55446209,0,0,0,0.518411071,0.851485156,0.549007694,0,2.473366011
LOC4803420,CG15908,0,0,0,0,0,0.711126909,0.586640626,0,0,1.297767535
LOC4803427,CG15909,0,0,0,-0.529447975,0,0,0,0,-0.778117656,-1.307565631
LOC4803431,Rab2,0.7617384,0,0,0,0,0,0,0,0,0.7617384
LOC4803454,Tsp42Ed,0,0,-0.501430471,0,0,0,0,0,-0.569633907,-1.071064378
LOC4803472,CG12831,0,0,0,0,-0.500446585,0,0,0,0,-0.500446585
LOC4803531,CG16787,0,0,0,0,0,0,0,0.545993204,0,0.545993204
LOC4803541,CG4676,0,0,-0.561906367,-0.665833261,0,0,0,-0.579219,-0.623307255,-2.430265883
LOC4803549,Tpc2,0.731676191,0.885407835,0.778804881,0,0,0.50007487,0.983822126,0,0,3.879785903
LOC4803556,CG2811,0,-0.751480266,0,0,0,0,-0.75236391,-0.878131126,0,-2.381975302
LOC4803563,RpL19,0.641215011,0,0.59945786,0,0,0,0,0,0,1.240672872
LOC4803573,Rs1,0,0.654941875,0.83709979,0,0,0,0.862944338,1.026785281,0,3.381771284
LOC4803582,CG12126,0,1.404808958,1.481905898,1.457929735,2.202008465,0.663786008,1.682059313,1.829606504,1.121475546,11.84358043
LOC4803583,CG30376,0,1.634846981,1.854870709,1.564622375,0.781751598,0.761720454,2.08591968,2.160239008,1.257074077,12.10104488
LOC4803589,hubl,0,0,0,0,1.951376214,0,0,0,0,1.951376214
LOC4803590,boly,0,1.023621769,1.032507478,0.928194141,0,0,1.004380115,1.129510466,0.650204816,5.768418785
LOC4803591,CG2127,0,0.53230241,0.699754503,0.750383502,0,0,0.58510705,0.744998239,0.542470738,3.855016442
LOC4803599,CSN7,0,0,-0.674351459,-0.640242793,0,0,0,-0.574992371,-0.532730244,-2.422316868
LOC4803663,Den1,0,0,0,0,0,0,0,0.567421894,0.523378108,1.090800002
LOC4803675,Vha36-2,0,0,0,0,-0.574890675,0,0,0,0,-0.574890675
LOC4803690,CG10307,0,0.560789318,0,0.51185403,0,0,0.598842401,0.55261351,0,2.224099258
LOC4803694,eIF3k,0,0,0,0,-0.616559405,0,0,0,0,-0.616559405
LOC4803700,ND-B12,0,0,0,0,0,0.51065267,0,0,0,0.51065267
LOC4803702,CG30284,0,0.835181457,1.084935303,1.008045265,0,0,0.804869456,1.277106057,0.834318426,5.844455964
LOC4803713,CG9861,0,0,0,0,0,0,0,0.624227612,0,0.624227612
LOC4803714,Prosbeta5R1,0,0,0,0,-0.592775562,0,0,0,0,-0.592775562
LOC4803722,CG13544,-0.515588891,0,0,-0.50408462,-0.568046832,0,-0.505605385,-0.502090746,0,-2.595416474
LOC4803780,RpS15,0.609216519,0,0,0,0,0,0,0,0,0.609216519
LOC4803784,loopin-1,0,0.938953123,0.885671154,0.811454316,0,0,0.929540119,0.909446289,0.580859519,5.05592452
LOC4803787,S-Lap8,0,0.86148735,0.948095609,0.792660791,0,0,0.833054657,1.06064883,0.794519754,5.290466992
LOC4803792,jtb,0,0.551385094,0,0,0,0,0.662491797,0.587550271,0,1.801427162
LOC4803813,CG30324,-0.625199268,0,0,0,0,-0.535841609,-0.548616108,0,0,-1.709656985
LOC4803852,CycB,0,0,0,0,0,0,0,-0.588880811,0,-0.588880811
LOC4803853,blw,0.612512718,0,0,0,0,0,0,0,0,0.612512718
LOC4803882,CG17385,0,-0.515251312,-0.588564675,0,-0.643128434,0,-0.516779635,-0.571425326,0,-2.835149382
LOC4803883,CG10104,0,-0.736960615,-0.864607073,0,0,0,-0.536079711,-0.610252774,-0.881388113,-3.629288286
LOC4803900,Shark,0,-0.646454805,-0.863122291,-0.93693302,-1.010933838,0,-0.714112812,-0.848735606,-0.559581608,-5.579873981
LOC4803939,APC10,0,0.534744917,0.574962593,0,0,0,0.630346507,0,0,1.740054017
LOC4803953,CG9875,-0.61615011,0,0,0,0,0,0,0,0,-0.61615011
LOC4803974,NA,0,1.133065951,1.335152038,1.227853362,0.544733683,0,1.545711306,1.864512486,1.119177841,8.770206667
LOC4803976,NA,0,-0.55941134,-0.809323002,-0.800119373,0,0,-0.564288438,-0.81581566,-0.657484395,-4.206442208
LOC4803987,ND-B15,0.625144852,0,0,0,0,0.607344948,0.752178051,0,0,1.98466785
LOC4803994,cyp33,0,0.587899647,0,0,0,0,0.643128187,0.53871272,0,1.769740554
LOC4803995,RpL18A,0.673889442,0,0,0,0,0,0,0,0,0.673889442
LOC4804001,UQCR-6.4,0.598579182,0,0,0,0,0.555805765,0.731430452,0,0,1.885815398
LOC4804022,CG14763,0,0,0,0,-0.509967177,0,0,0,0,-0.509967177
LOC4804055,CG18190,-0.595103729,0,0,-0.536572492,-0.773985164,0,0,0,0,-1.905661385
LOC4804061,Vha100-3,0,0,0,0,-0.54689769,0,0,0,0,-0.54689769
LOC4804072,CG15109,-0.69996874,0,0,-0.943363607,0,0,0,0,-0.743756849,-2.387089195
LOC4804123,CG2064,0,0.751528249,0.737401534,0,0,0,0.913425159,0.811460849,0,3.21381579
LOC4804135,U2A,0.529768555,0,0,0,0,0,0,0,0,0.529768555
LOC4804136,CG12107,0,0,0,0,-0.543457224,0,0,0,0,-0.543457224
LOC4804155,lolal,0.688295233,0.576541775,0,0,0,0,0.610130914,0,0,1.874967922
LOC4804205,CG12914,0,0.524049593,0,0,0,0,0,0,0,0.524049593
LOC4804222,RpS24,0.553176762,0,0,0,0,0,0,0,0,0.553176762
LOC4804247,NiPp1,0,0,0.735626964,0,0,0,0,0.694682005,0,1.43030897
LOC4804287,PPP1R15,0,-0.641565791,-0.518211029,0,0,0,-0.545992629,0,0,-1.705769449
LOC4804308,tsr,0.865082391,0.639993661,0.642186681,0,0,0.881850825,0.915018691,0.523362814,0,4.467495063
LOC4804310,eEF5,0.784409964,0,0,0,0,0,0,0,0,0.784409964
LOC4804311,RpL12,0.664140673,0,0,0,0,0,0,0,0,0.664140673
LOC4804315,Gpat4,0.531594731,0,0,0,0,0,0,0,0,0.531594731
LOC4804353,CG13186,0,0.677242185,0.936988084,0.940985583,0.691372142,0,0.82506636,1.106703462,0.793818332,5.972176147
LOC4804399,hbn,0,0.539565782,0,0,0,0,0.589494449,0,0,1.129060231
LOC4804403,CAH14,0,0,0,0,0,0,0,0,-0.634227364,-0.634227364
LOC4804418,exu,0,0,0,0,0,-0.565467095,-0.56925908,0,0,-1.134726175
LOC4804429,CG13436,0,0,0,-0.532350445,-0.61923525,0,-0.558037116,0,0,-1.709622811
LOC4804489,roh,-0.541019754,0,0,0,-0.564350266,0,0,0,0,-1.10537002
LOC4804495,RpS18,0.58121661,0,0.538289466,0,0,0,0,0,0,1.119506076
LOC4804507,CG30343,0.680219818,0,0,0,0,0,0,0,0,0.680219818
LOC4804518,Non1,0.527687399,0,0,0,0,0,0,0,0,0.527687399
LOC4804525,CG18128,0,0,0,0,0,0,0.527992594,0,0,0.527992594
LOC4804557,sut4,0,0.642351541,1.104251053,1.155353224,0.776552077,0,0.757978732,1.23330566,0.917955535,6.587747821
LOC4804565,CG13747,-0.786067033,0,0,0,0,0,0,0,0,-0.786067033
LOC4804569,CG8197,0,0,0,0,-0.619929924,0,0,0,0,-0.619929924
LOC4804599,CkIIbeta2,0,0,0,0,-0.671049537,0,0,0,0,-0.671049537
LOC4804602,CG13871,0,-0.591819182,-0.970823436,-0.555941064,0,0,-0.621220998,-0.636454596,-0.993828909,-4.370088184
LOC4804611,Fkbp12,0.574921015,0.638279468,0.606838025,0,0,0,0,0,0,1.820038507
LOC4804612,mip40,0,0,0,-0.533735013,0,0,0,0,0,-0.533735013
LOC4804621,CG30428,0,0,0,0,0,0,0.567287652,0.701471937,0,1.268759589
LOC4804627,CG16739,0,0,0,0,0,0,0.524637433,0,0,0.524637433
LOC4804690,CG3611,0,0,0.538105126,0,0,0,0.652182092,0.632735765,0,1.823022983
LOC4804704,CG3894,0,0,0,0,0,0,0,0,-0.615623221,-0.615623221
LOC4804712,CG1418,0,0,0,0,-0.60388225,0,0,0,0,-0.60388225
LOC4804741,CG9067,0,0,0,0,0,0.578798058,0.50285013,0,0,1.081648188
LOC4804765,nemy,-0.638094036,0,0,0,0,0,0,0,0,-0.638094036
LOC4804779,CG10916,0,0.756642356,1.082923175,0.776449789,0,0,0.846850182,1.22058578,0.657866395,5.341317678
LOC4804818,CG5189,0,0,0,0,0,0.681355842,0.618108338,0,0,1.29946418
LOC4804823,CG17669,0,0,0,0,-0.636122452,0,0,0,0,-0.636122452
LOC4804852,SRPK,0,0,0,0,0,0,0,0,-0.556484465,-0.556484465
LOC4804868,CG8187,0.537322586,0,0,0,0,0,0,0,0,0.537322586
LOC4804879,CG18568,0,0,0,0,-0.657049468,0,0,0,0,-0.657049468
LOC4804910,CG1598,0,0,0,0,-0.513857081,0,0,0,0,-0.513857081
LOC4804938,CG30056,0,0,0,0,0.784554188,0,0,0,0,0.784554188
LOC4804948,NA,0,0,0,0,-0.67444209,0,0,0,0,-0.67444209
LOC4804950,CG15125,0,0.660566272,0.519670068,0,0,0,0.882141437,0.884908808,0.58720462,3.534491206
LOC4804951,CG11018,0,-0.519554373,-0.521010835,-0.639269514,0,0,-0.505630792,0,0,-2.185465514
LOC4804955,CG15128,0,0.698504399,0.916142391,0.710961523,0,0,0.683017266,0.886073351,0.566041174,4.460740104
LOC4804969,CG8654,0,0.560520137,0.757111914,0.64194626,0,0,0.598027677,0.840431041,0.600176612,3.998213642
LOC4804973,CG16894,0,0.756102012,1.063437981,1.149245145,0.604835254,0,0.942908552,1.3137438,0.911758639,6.742031383
LOC4805009,CG30377,0,-0.529539515,-0.566530704,0,0,0,-0.60398532,-0.645092218,0,-2.345147757
LOC4805011,Dgk,0,-0.658222727,-0.578776432,-0.649520086,0,0,-0.528860148,-0.531148777,0,-2.94652817
LOC4805025,san,0.509739466,0,0,0,0,0.509698353,0,0,0,1.01943782
LOC4805037,AIMP1,0,0,0.686241001,0.576804419,0,0,0,0.676568975,0,1.939614394
LOC4805046,CCT8,0.592774874,0,0,0,0,0,0,0,0,0.592774874
LOC4805057,CG30355,-0.610698848,0,0,0,0,0,0,0,0,-0.610698848
LOC4805062,CG12376,0,0,0.526521698,0.507029395,0,0,0.605223221,0.541696233,0,2.180470547
LOC4805073,CG8746,0,0.818866022,0.854186971,0.832026249,1.408322616,0,0.924869474,1.182841705,0.678525478,6.699638515
LOC4805076,CG30350,0,0.677631665,0.874380911,0.6642733,0,0,0.785500916,0.87162041,0.536284794,4.409691995
LOC4805079,DCTN2-p50,0,0,0,0,0,0,0,0,-0.624330976,-0.624330976
LOC4805113,RpL31,0.533997428,0,0,0,0,0,0,0,0,0.533997428
LOC4805123,CG1902,-0.615739869,0,0,0,0,0,0,0,0,-0.615739869
LOC4805151,NA,0,0,0,0,1.315234331,0,0,0,0,1.315234331
LOC4805161,S-Lap7,0,1.269077254,1.257207616,1.147752731,0.718425863,0.560376178,1.277498414,1.216025494,0.821197936,8.267561486
LOC4805240,CG30398,0,0,0,0,-0.517663578,0,0,0,0,-0.517663578
LOC4805242,Grx1t,-0.527465574,-0.584050402,-0.731658715,0,-0.855881197,0,-0.702319115,-0.668767515,-0.50743715,-4.577579668
LOC4805267,CG9308,0,0,0,0,-0.539327193,0,0,0,0,-0.539327193
LOC4805270,CG13501,0,0,0,0,-0.511862748,0,0,0,0,-0.511862748
LOC4805279,CG13502,-0.504664858,0,0,0,0,0,0,0,0,-0.504664858
LOC4805281,Fkbp14,0,0,0,0,0,0,0,-0.627746241,0,-0.627746241
LOC4805308,Cp1,0.714900369,0,0,0,0,0.507535275,0,0,0,1.222435644
LOC4805313,Prosbeta5,0,0,0,0,0,0.560909918,0,0,0,0.560909918
LOC4805326,CAH13,0,0,0,-0.779440713,0,0,0,0,-0.95492056,-1.734361273
LOC4805337,CG11777,0,-0.542526589,-0.799335013,-0.6071103,0,0,0,-0.740063891,-0.507462138,-3.196497932
LOC4805350,RpS23,0.785323548,0.543734199,0.85222005,0,0,0,0,0,0,2.181277797
LOC4805388,GstS1,0,0.642458668,0.633051581,0,0,0,0,0,0,1.275510249
LOC4805391,CG15605,0,0,0,0,-0.584382132,0,0,0,0,-0.584382132
LOC4805418,eEF1alpha1,1.031419077,0,0,0,0,0,0,0,0,1.031419077
LOC4805442,CG3565,0,0,0.783828744,0.6983093,0,0,0.530056789,0.939204129,0.853695524,3.805094486
LOC4805447,CG4681,0,0,0.566816366,0.579941924,0.540952443,0,0.615473277,0.514708488,0,2.817892497
LOC4805467,achi,0,0.627391047,0,0,0,0.591016485,0.883732839,0,0,2.102140371
LOC4805468,CG13151,0,0,0.99959686,0.573635205,0,0,0.662308158,1.135268057,0.647405705,4.018213986
LOC4805474,Prosbeta1,0,0,0,0,-0.766989689,0,0,0,0,-0.766989689
LOC4805491,RpL23,0.539938681,0,0,0,0,0,0,0,0,0.539938681
LOC4805509,Prosalpha3,0,0,0,0,-0.516675158,0,0,0,0,-0.516675158
LOC4805518,cpa,0,0.810122024,0.850283147,0,0,0,0.908349795,0.843084149,0,3.411839115
LOC4805519,CG15653,0,0,0.616995252,0.590860008,0,0,0,0.606829091,0,1.814684351
LOC4805533,mago,0.519012247,0,0,0,0,0,0,0,0,0.519012247
LOC4805545,CG4286,0,0.725471598,0.666045592,0.625810503,0,0,0.701663096,0.607816009,0.502315589,3.829122386
LOC4805547,Efhc1.2,0,0,0,0,1.537683352,0,0,0,0,1.537683352
LOC4805567,CG14589,-0.71522083,0,-0.541282312,-0.593302635,-0.884565976,0,0,0,0,-2.734371754
LOC4805590,CG4612,0.526033188,0,0,0,0,0,0,0,0,0.526033188
LOC4805593,CG13581,0,0,0,0,-0.555746057,0,0,0,0,-0.555746057
LOC4805601,CG3494,-0.629712604,0,0,0,0,0,0,0,0,-0.629712604
LOC4805605,Pgam5-2,0,-0.6329654,-0.716064394,-0.59811155,-0.865889981,0,-0.554505768,-0.608487561,0,-3.976024655
LOC4805613,Rpn8,0.554363464,0,0,0,0,0,0,0,0,0.554363464
LOC4805656,Spn47C,0,0.831143309,0.601745858,0.579933436,0.720566266,0,0.806693916,0.706515983,0.514074133,4.760672901
LOC4805741,CG8204,0,0,0,0,-0.669731671,0,0,0,0,-0.669731671
LOC4811647,CG40472,0,0,0,0,0,0,0.551232208,0,0,0.551232208
LOC4811656,CG6470,-0.785294083,0,0,0,0,0,0,0,0,-0.785294083
LOC4811678,pim,0.592835065,0.534998446,0,0,0,0.639430425,0,0,0,1.767263936
LOC4811682,CG5037,0,0,0.522823892,0,0,0,0,0,0,0.522823892
LOC4811700,ATPsynbeta,0.564890225,0,0,0,0,0,0,0,0,0.564890225
LOC4811708,RpL9,0.609799283,0,0,0,0,0,0,0,0,0.609799283
LOC4811722,eEF1delta,0.584156709,0,0,0,0,0.519749338,0,0,0,1.103906046
LOC4811731,CG14069,0,0,0.659853252,0,0,0,0.611872301,1.011008819,0.568963378,2.85169775
LOC4811732,CG7309,0,0.547569948,0,0,0,0,0,0,0,0.547569948
LOC4811739,ATPsynG,0.523217074,0,0,0,0,0,0,0,0,0.523217074
LOC4811743,Paf-AHalpha,0.596669769,0,0,0,0,0,0,0,0,0.596669769
LOC4811755,CG15719,0,0,0.5316988,0.502384172,0,0,0.504294079,0.616595977,0,2.154973028
LOC4811758,Arf102F,0,0,0,0,-0.563151972,0,0,0,0,-0.563151972
LOC4811789,RpL10,0.612160806,0,0,0,0,0,0,0,0,0.612160806
LOC4811790,ND-MLRQ,0.589030154,0,0,0,0,0.5620192,0,0,0,1.151049355
LOC4811791,CG32163,0,0,0,0,0,0.548349586,0,0,0,0.548349586
LOC4811794,RpS3A,0.633396091,0,0.549401809,0,0,0,0,0,0,1.1827979
LOC4811891,CG3698,0,0,0,0,0,0,0,-0.580049333,0,-0.580049333
LOC4811918,ND-B14.5AL,0,0,0,0,0,0,0,0.531169402,0,0.531169402
LOC4811928,CG7514,0,0.776885221,0.77907021,0.731164489,0,0.530232968,0.708887111,0.736600021,0,4.26284002
LOC4811985,CG15012,0,0,0.705755603,0.520903856,0,0,0.636402628,0.501133702,0,2.364195789
LOC4811999,asf1,0,0,0,0,-0.507146017,0,-0.589665465,0,0,-1.096811482
LOC4812080,mbf1,0,0,0,0.502483655,0,0,0,0,0,0.502483655
LOC4812117,CG33061,0,0,0,0,0,0,-0.50831155,0,-0.743426177,-1.251737727
LOC4812186,CG1271,0,0,0,0,0,0,0,0.513666127,0,0.513666127
LOC4812218,CG33060,0,0,-0.529334386,0,-0.59558171,0,0,0,0,-1.124916096
LOC4812229,mag,0,0,0.599038881,0,0,0,0.567252777,0.525816955,0,1.692108613
LOC4812270,CG32407,0,0,0,0,-0.55382325,0,0,0,0,-0.55382325
LOC4812331,RpL28,0.555483347,0,0,0,0,0,0,0,0,0.555483347
LOC4812371,Rexo5,0,0,0,0,-0.681930077,0,0,0,0,-0.681930077
LOC4812415,RpLP0,0.663135378,0,0,0,0,0,0,0,0,0.663135378
LOC4812523,mge,0,0,0,0,-0.630582106,0,0,0,0,-0.630582106
LOC4812530,RpS9,0,0,0,0,-0.648448685,0,-0.505266538,-0.606091089,0,-1.759806312
LOC4812561,CG7264,0,0,0,0,0,0,-0.521832893,0,-0.850942414,-1.372775307
LOC4812609,Pop2,0,0,0,0,0,0,0,0.565678061,0,0.565678061
LOC4812730,S-Lap1,0,0.780406866,0.59092718,0.515917354,0,0,0.672242995,0.608087613,0.502447235,3.670029242
LOC4812733,RpL14,0.658911961,0,0,0,0,0,0,0,0,0.658911961
LOC4812744,CG3306,0,0,-0.631191233,-0.53967173,-0.736055404,0,0,0,0,-1.906918367
LOC4812782,RpS12,0.558028989,0,0,0,0,0,0,0,0,0.558028989
LOC4812824,SmD1,0.551465162,0,0,0,0,0,0,0,0,0.551465162
LOC4812836,CG8564,-0.678719319,0,0,0,0,0,0,0,0,-0.678719319
LOC4812870,CG10589,0,0,0,0,-0.550120316,0,0,0,0,-0.550120316
LOC4812890,CG17732,0,0,0,0,1.251181783,0,0,0,0,1.251181783
LOC4812901,Cyp316a1,0,0,0,0,0,0,0,0.677980962,0,0.677980962
LOC4812937,CG4669,0,0,0,0,0,0,0,0.563691759,0,0.563691759
LOC4813004,akirin,0,0,0.546141404,0,0,0,0.541297819,0.527923644,0,1.615362867
LOC4813021,CG33054,0,-0.672914808,-0.748138158,-0.795301993,-0.628227205,0,-0.645975913,-0.640734198,-0.500366206,-4.631658482
LOC4813043,CG17744,0,0,-0.524949973,-0.539501829,-0.671068838,0,0,-0.509438374,0,-2.244959014
LOC4813070,RpS4,0.572747031,0,0,0,0,0,0,0,0,0.572747031
LOC4813112,CG13474,0,0,-0.545292094,0,-0.646623864,0,-0.524860569,0,0,-1.716776528
LOC4813116,S-Lap4,0,0,0,0,0.766195977,0,0,0,0,0.766195977
LOC4813117,CG6527,0,0.585188065,0,0,0,0,0.815368372,0,0,1.400556437
LOC4813134,CG7551,0,0,0,0,0.581460613,0,0,0,0,0.581460613
LOC4813243,CG10973,0.510422469,0,0,0,0,0,0,0,0,0.510422469
LOC4813359,CG4306,0,0.673311402,0.910621858,0.56236706,0,0,0.698380778,0.920566356,0.578705621,4.343953074
LOC4813449,RpL18,0.602133432,0,0,0,0,0,0,0,0,0.602133432
LOC4813491,CG33170,0,0,0,0,1.387557497,0,0,0,0,1.387557497
LOC4813605,RpL23A,0.601086839,0,0,0,0,0,0,0,0,0.601086839
LOC4813628,bora,0,0,0,-0.621954094,-0.597005587,0,0,0,-0.638186557,-1.857146238
LOC4813637,Dpy-30L2,-0.515205592,-0.787801369,-0.678906552,-0.592135406,-0.644778822,-0.979840591,-1.130551775,-0.843618068,-0.558398384,-6.73123656
LOC4813641,Sod1,0.629377655,0,0,0,0,0,0.505373949,0,0,1.134751604
LOC4813689,CG5906,0,0,-0.636033528,0,0,0,-0.533362338,-0.568569761,0,-1.737965627
LOC4813694,CG16758,0,0,0,0,-0.504992039,0,0,0,0,-0.504992039
LOC4813701,CG1927,0.521539042,0,0,0,0,0,0,0,0,0.521539042
LOC4813719,CG7484,0,0,0,0,-0.594649774,0,0,0,0,-0.594649774
LOC4813727,CG14995,0,0.875013648,1.031737047,0.887664723,0,0,0.845767259,1.01086023,0.745987664,5.397030569
LOC4813770,CG32461,0,0,0,0,0.586041229,0,0,0,0,0.586041229
LOC4813793,UQCR-Q,0.773862536,0.519031946,0,0,0,0.621480821,0.639166467,0,0,2.553541771
LOC4813815,CG32069,0,0,0,0,-0.540368301,0,0,0,0,-0.540368301
LOC4813819,CG7560,0,0,0,0,-0.6483105,0,0,0,-0.536002495,-1.184312995
LOC4813825,ND-SGDH,0.510447066,0,0,0,0,0,0,0,0,0.510447066
LOC4813886,CG33169,0,0,0,0,0,0,0,0,0.529205655,0.529205655
LOC4813900,CG13473,0,0.918160876,0.664097092,0.645645707,0,0,0.800784204,0.677982367,0,3.706670246
LOC4813924,NA,0,0,-0.55116251,-0.7888009,0,0,0,0,-0.512479561,-1.852442971
LOC4813992,Syx7,0,0,0,0,0,0,0,0,-0.525398598,-0.525398598
LOC4814010,Galk,0,0,0,0,0,0,0,0.582513149,0.533463617,1.115976766
LOC4814019,CG10063,0.685133933,0.68969589,0.822341644,0.654809949,0,0,0.64965809,0.721167447,0.614581184,4.837388138
LOC4814059,Roc1b,-0.531220255,0,0,0,-0.500869641,0,0,0,0,-1.032089896
LOC4814062,CG16984,0,0,0,0,0,0,0,0,-0.624074454,-0.624074454
LOC4814081,CG13891,0,0.635795905,0.853978882,0.865185758,0,0,0.632062322,0.999875198,0.745875159,4.732773224
LOC4814151,RpL8,0,-0.541492248,0,-0.586444337,0,0,-0.640534371,-0.734444093,0,-2.50291505
LOC4814153,CG16985,0,0,0,0,0,0,0.635461606,0,0,0.635461606
LOC4814209,DENR,0.549372519,0,0,0,0,0,0,0,0,0.549372519
LOC4814316,CG11663,0,0.532753937,0,0.55333804,0,0,0.729115996,0,0,1.815207972
LOC4814344,Vha36-3,0,0,-0.568781239,-0.723574139,0,0,0,0,-0.703976043,-1.99633142
LOC4814358,CG15577,0,0,0.665027955,0.59697797,0,0,0,0.770292325,0,2.032298249
LOC4814359,CG6891,0,0,0,0,-0.697680829,0,0,0,0,-0.697680829
LOC4814390,NA,0,0,0,0,0,0,0.573581176,0.505847546,0,1.079428722
LOC4814444,CG10353,0,0,0,0,0,0,0.507510856,0,0,0.507510856
LOC4814599,mei-218,0,0,0.837485658,0.740539663,0,0,0.641306457,0.911626597,0.652083202,3.783041577
LOC4814619,CG13373,0,0,0.614088476,0.546812806,0,0,0.551318377,0,0,1.712219659
LOC4814621,r-cup,0,0,0.85808499,0.741250792,2.240593708,0,0,0.62966622,0,4.46959571
LOC4814653,CCT2,0.506617092,0,0,0,0,0,0,0,0,0.506617092
LOC4814701,CG7423,-0.644151141,0,0,0,-0.590743153,0,0,0,0,-1.234894294
LOC4814716,RpL36,0.504417846,0,0,0,0,0,0,0,0,0.504417846
LOC4814754,Imp,0,0,0,0,0.511463511,0,0,0,0,0.511463511
LOC4814783,Prosalpha4,0.669051068,0,0,0,0,0,0,0,0,0.669051068
LOC4814804,Ant2,0,0.636168825,0.569487943,0.576887158,0,0,0.54676937,0.549668213,0,2.878981509
LOC4814826,CG12698,0,0.505325654,0.647437291,0.578093999,0,0,0.593479979,0.684997414,0.575424043,3.58475838
LOC4814844,cib,0.553370077,0,0,0,0,0,0,0,0,0.553370077
LOC4814875,CG43138,0,0,0.839494166,0.822949035,0,0,0,0.915185594,0.669004306,3.246633102
LOC4814916,Sptr,0,0,0,-0.535838132,0,0,0,0,-0.624812418,-1.160650549
LOC4814924,Act5C,0.75064883,0.567216005,0,0,0,0,0.566282849,0,0,1.884147684
LOC4814927,Ost48,0.584896255,0,0,0,0,0,0,0,0,0.584896255
LOC4814944,Ykt6,0,-0.530172331,0,0,0,0,0,0,0,-0.530172331
LOC4814986,NA,0,0,0,0,-0.665915816,0,0,0,0,-0.665915816
LOC4814998,ttm50,0,0,0.525191251,0.584126324,0,0,0,0.581207514,0,1.690525089
LOC4815011,RpL22,0.615911108,0,0,0,0,0,0,0,0,0.615911108
LOC4815015,CtsB1,0.619088923,0,0,0,0,0,0,0,0,0.619088923
LOC4815094,CG9034,0,0,0.742859397,0,0,0,0,0.540378356,0,1.283237753
LOC4815193,Ran,0.549419161,0.620166188,0,0,0,0,0,0,0,1.16958535
LOC4815261,Cyp1,1.301391545,0,0,0,0,0.758548972,0.602406632,0,0,2.662347149
LOC4815333,CG1394,0,0,0,0,-0.565480377,0,0,0,0,-0.565480377
LOC4815338,CG13375,0,0.618064808,0.559122735,0,0,0,0.626874253,0.551161948,0,2.355223744
LOC4815368,p-cup,0,0,0.637469527,0.554186801,2.765181848,0,0,0.530497796,0,4.487335972
LOC4815470,RpS10b,0.618662686,0,0,0,0,0,0,0,0,0.618662686
LOC4815497,RpL17,0.624303286,0,0,0,0,0,0,0,0,0.624303286
LOC4815508,CG32639,0,-0.648040418,-0.677340072,-0.562444203,-0.633757282,0,-0.508937249,-0.6127961,-0.522814043,-4.166129367
LOC4815514,Alp11,0,0,0,0,-0.534111394,0,0,0,0,-0.534111394
LOC4815545,Prosbeta2R1,0,0,0,0,-0.569950341,0,0,0,0,-0.569950341
LOC4815583,Sec61gamma,0,-0.513547017,0,0,0,0,-0.616541137,-0.531350512,0,-1.661438667
LOC4815588,CG1463,0,0,0.51670616,0,0,0,0,0.555529073,0,1.072235232
LOC4815589,RpS19a,0.5061967,0,0,0,0,0,0,0,0,0.5061967
LOC4815596,Idh3a,0,-0.545755227,0,0,0,0,-0.627877404,0,0,-1.173632631
LOC4815617,sta,0.533417851,0,0.552839935,0,0,0,0,0,0,1.086257786
LOC4815781,RpL7A,0.602545931,0,0,0,0,0,0,0,0,0.602545931
LOC4815801,MagR,0,0,0,0,-0.544472397,0,0,0,0,-0.544472397
LOC4815810,Fpgs,0,-0.698459093,-0.866914019,-0.81850816,-0.649736808,0,-0.792478488,-0.921310078,-0.746134942,-5.493541589
LOC4815870,snf,0.691804826,0,0,0,0,0,0,0,0,0.691804826
LOC4815960,CG15458,0,0,0.702286803,0.797846676,2.090084007,0,0.524131442,0.578521932,0,4.69287086
LOC4815970,Cyp4s3,0,0,0,0,0,0,0,0,-0.501336542,-0.501336542
LOC4816029,ND-ASHI,0.505758306,0,0,0,0,0.851450262,0.71943581,0,0,2.076644378
LOC4816083,RpS15Aa,0.6317708,0,0,0,0,0,0,0,0,0.6317708
LOC4816100,CG12438,0,0,0.719263073,0.583946324,0,0,0,0.640646119,0,1.943855515
LOC4816122,borr,0,0,-0.811333027,-0.595250033,0,0,0,-0.631514039,-0.880129622,-2.91822672
LOC4816186,CG12439,-0.803123543,0,0,0,-0.64124695,0,0,0,0,-1.444370493
LOC4816257,CG18662,0,1.652462095,2.112492887,1.827493648,1.028989889,0,2.31827381,2.619138702,1.449039759,13.00789079
LOC4816291,CG16863,0,0,0,0,0,0,0,0.569644537,0,0.569644537
LOC4816292,CG31784,0,0,0.649614115,0.540152772,0,0,0.514567526,0.595718732,0,2.300053145
LOC4816293,CG15256,0,0.500905504,0.582383483,0,0,0,0.629904985,0.886334854,0.622286836,3.221815664
LOC4816294,CG7653,0,0,-0.60152761,0,-0.560815557,0,0,0,0,-1.162343167
LOC4816295,PIG-Wa,0,0,0.56081934,0,0,0,0,0.613712174,0,1.174531515
LOC4816299,Arpc5,0.565769971,0,0,0,0,0,0,0,0,0.565769971
LOC4816304,CG6180,0,0,0.581126526,0.547992074,0,0,0,0,0.504757688,1.633876288
LOC4816320,His3.3A,0.529807432,0,0,0,0,0,0,0,0,0.529807432
LOC4816328,CG15286,0,0.875426773,0.777650367,0.733711103,0,0,1.005555126,0.703604825,0.644409225,4.740357419
LOC4816334,CG4891,0,0,0,0,0,0,0,0,-0.677160652,-0.677160652
LOC4816335,CG3528,0,1.023303637,0.912013565,0.891352913,0,0,1.06088876,0.921605336,0.798824947,5.607989158
LOC4816337,CG8245,0,0,0,0,-0.582003582,0,0,0,0,-0.582003582
LOC4816344,eIF3i,0.646028785,0,0,0,0,0,0,0,0,0.646028785
LOC4816360,CG6380,0,0,0,0,0,0,0.62086304,0.51403898,0,1.134902019
LOC4816363,CG10237,0,0,0,0,0,0,0.528820515,0,0,0.528820515
LOC4816373,CG13245,0,1.334866115,1.68068911,1.682332623,3.19593117,0,1.781904635,1.937822119,1.074882876,12.68842865
LOC4816374,BicC,0,0,0,0,0.859257405,0,0,0,0,0.859257405
LOC4816383,CG10750,0,0,0,-0.759639865,0,0,0,0,-0.794714128,-1.554353993
LOC4816387,CG31820,0,0.607119458,0.594516123,0.600705008,0,0,0.946275475,0.510623109,0,3.259239172
LOC4816391,CG12448,0,0.833958758,0.904420606,0,0,0,1.058270362,1.128184779,0,3.924834505
LOC4816392,CG3557,0,0,-0.504967782,0,-0.562199105,0,-0.554941166,-0.594644033,0,-2.216752085
LOC4816408,CG31870,0,0.990428399,1.417503423,1.25297201,0,0,1.302064416,1.546620799,1.01817885,7.527767898
LOC4816422,CG31694,0,-0.686612385,-0.644398,0,-0.803025327,0,-0.639962477,-0.643034549,0,-3.417032737
LOC4816438,kmg,0,-0.569514256,0,0,0,-0.507159477,-0.56708152,-0.615106538,0,-2.258861792
LOC4816445,Naa20B,0,0,0,0,0,0,0,0,-0.507133554,-0.507133554
LOC4816463,CG31917,0,-0.582966016,-0.559117224,-0.554935467,0,0,0,0,0,-1.697018707
LOC4816478,CG10839,0,-0.648960152,-0.537244973,-0.639010862,0,0,-0.569962314,-0.609017598,-0.576821378,-3.581017278
LOC4816499,CCT4,0.570652618,0,0,0,0,0,0,0,0,0.570652618
LOC4816521,Prosalpha6T,0,0,0,0,-0.56568403,0,0,0,0,-0.56568403
LOC4816524,CG18266,-0.596941187,0,0,0,0,0,0,0,0,-0.596941187
LOC4816543,Atg18b,0,-0.826825917,0,0,0,-0.72834035,-0.723422377,0,0,-2.278588644
LOC4816546,Rab14,0,0,0,0,-0.658990908,0,0,0,0,-0.658990908
LOC4816555,RpL21,0.557735177,0,0,0,0,0,0,0,0,0.557735177
LOC4816567,CG15395,0,0,0,0,0,0,0,-0.756112879,-0.71548355,-1.471596429
LOC4816581,Porin2,0,0.536633238,0,0,0,0,0,0,0,0.536633238
LOC4816609,CG10481,0,0.661128506,0.562156113,0,0,0,0.823506559,0.625988164,0,2.672779341
LOC4816653,neb,0,-0.519943424,-0.615722907,0,0,0,0,-0.531278055,0,-1.666944387
LOC4816679,Rpn11,0.658333126,0,0,0,0,0,0,0,0,0.658333126
LOC4816701,ND-B14.5B,0.523719222,0.594945957,0.636853179,0,0,0,0.567787796,0.508739827,0,2.832045981
LOC4816711,CG13244,0,0,0,0,0,0,0.589365409,0.508203844,0,1.097569253
LOC4816719,porin,0.517161482,0,0,0,0,0,0,0,0,0.517161482
LOC4816727,CG17564,-0.654869576,0,0,0,0,0,0,0,0,-0.654869576
LOC4816760,CG2862,0.570599614,0,0,0,0,0.604706236,0,0,0,1.17530585
LOC4816793,CG14402,0,0,0.557622284,0.511495801,0,0,0.647588008,0.650993056,0,2.36769915
LOC4816803,Rack1,0.651758553,0,0,0,0,0,0,0,0,0.651758553
LOC4816815,Tsp33B,0,-1.194053287,-1.664580368,0,0,-0.779340593,-1.301258124,-1.397164573,-0.906137847,-7.242534794
LOC4816819,fred,0,0,0,0,0,0,-0.5106858,0,0,-0.5106858
LOC4816826,CG31787,0,-0.613635037,0,-0.502222336,-0.550327752,-0.524319502,-0.694844187,-0.52797785,0,-3.413326664
LOC4816841,CG4270,0,0,0,0,-0.521748587,0,0,0,0,-0.521748587
LOC4816856,RpS13,0.666787713,0,0,0,0,0,0,0,0,0.666787713
LOC4816884,RpL13,0.588673044,0,0,0,0,0,0,0,0,0.588673044
LOC4816899,RpS2,0,0,0,0,-0.59325287,0,0,0,0,-0.59325287
LOC4816907,CG7742,0,0,0,0,-0.549278392,0,0,0,0,-0.549278392
LOC4816929,RpLP1,0.607005336,0,0,0,0,0,0,0,0,0.607005336
LOC4816941,RPA2,0.587777831,0,0,0,0,0.690116652,0,0,0,1.277894483
LOC4816943,RpS26,0.864677093,0.52044607,0.652478948,0,0,0,0,0,0,2.037602112
LOC4816945,ND-15,0,0.579267436,0,0,0,0,0.684379269,0,0,1.263646706
LOC4816950,CG10623,0,0,0.615221531,0,0.692685511,0,0.562752388,0.599227988,0,2.469887418
LOC4816963,Ostgamma,0.575273876,0,0,0,0,0,0,0,0,0.575273876
LOC4816970,CG5790,0,0,0,0,0,-0.606896278,0,0,0,-0.606896278
LOC4816985,CG5043,0,0,0,0,0,0,0,-1.024826503,-0.661452446,-1.686278948
LOC4817008,CG7164,0,0.661196526,0,0,0,0,0,0,0,0.661196526
LOC4817023,FASN2,0,0.589296719,0,0,0,0,0.770480078,0.502567829,0,1.862344625
LOC4817024,CG17261,0,0,0.502246602,0,0,0,0.590645416,0.560471805,0,1.653363824
LOC4817031,Uch,0,0.586053148,0.675836236,0,0,0,0,0.548203483,0,1.810092867
LOC4817033,Ndae1,0,-0.526273482,-1.081479917,-1.026642315,-1.093349138,0,0,-1.123898445,-1.109265344,-5.960908642
LOC4817053,CG8349,0,0,0,0,-0.577619549,0,0,0,0,-0.577619549
LOC4817063,Su(var)205,0.608918446,0,0,0,0,0,0,0,0,0.608918446
LOC4817068,lwr,0.700447412,0,0,0,0,0,0,0,0,0.700447412
LOC4817114,Fkbp59,0.502134118,0,0,0,0,0,0.517769374,0,0,1.019903492
LOC4817138,CG17260,0,0,-0.505823029,0,0,0,0,-0.535519015,0,-1.041342044
LOC4817139,Acbp1,0,0,0,0,0,0.538478511,0,0,0,0.538478511
LOC4817140,CG31802,0,-0.603781595,-0.656737205,-0.593140357,0,0,0,0,0,-1.853659158
LOC4817174,NA,0,0.719138269,0.812796983,0.751588679,0.828106328,0,0,0.864902329,0.531426208,4.507958795
LOC4817218,Prosbeta4,0.800228628,0,0,0,0,0.726521706,0.52011889,0,0,2.046869224
LOC4817244,CG4983,0,0,0,0,0,0,0.542667495,0,0,0.542667495
LOC4817273,CG8851,0,-0.597167308,-0.701673577,-0.601459388,-0.643274799,-0.656497465,-0.82375785,-0.743386867,-0.668106145,-5.435323398
LOC4817290,Pomp,0,0,0,0,-0.557908284,0,0,0,0,-0.557908284
LOC4817292,spag4,0,0,0,0,0,0,0,-0.549879374,0,-0.549879374
LOC4817293,CG10343,0,0.89229121,0.962172619,0.793090256,0,0,0.914481916,1.108370507,0.778050821,5.448457329
LOC4817302,robl22E,-0.665946723,0,0,0,-0.618036204,0,0,0,0,-1.283982927
LOC4817335,ND-PDSW,0.515107435,0,0,0,0,0.553578621,0,0,0,1.068686057
LOC4817393,CG31921,0,0,0,0,0,-0.547424296,0,0,-0.540505747,-1.087930043
LOC4817395,Tengl3,0,-0.569456747,-0.840566527,-0.614084769,0,0,-0.719277482,-0.90632474,-0.728050495,-4.37776076
LOC4817397,CG13127,0,0,0,0,0.659808543,0,0,0,0,0.659808543
LOC4817430,CG13949,0,0,0,0,0,0,0,0.520817041,0,0.520817041
LOC4817442,Rpb11,0,0,0,0,-0.529549389,0,0,0,0,-0.529549389
LOC4817452,SmE,0.593759241,0,0,0,0,0,0,0,0,0.593759241
LOC4817486,RpL7,0.725074143,0,0,0,0,0,0,0,0,0.725074143
LOC4817498,CG31816,0,0.674821459,0.546445609,0.600562101,0,0,0.885972406,0.602693361,0,3.310494936
LOC4817499,CG5968,0,0.543672484,0,0,0,0,0.521472013,0,0,1.065144497
LOC4817502,CG4631,0,0.842191154,0.856491971,0.828250251,0.619568375,0,0.990764277,0.959577937,0.604047042,5.700891006
LOC4817506,squ,0,0,0,-0.591576389,0,0,0,0,0,-0.591576389
LOC4817518,CG31933,0,0,0.602302971,0.612315089,0,0,0,0.698616234,0.533550202,2.446784496
LOC4817524,CG15357,0,-0.665989824,-0.642096329,0,0,0,0,0,0,-1.308086153
LOC4817569,RpL27A,0.519988852,0,0,0,0,0,0,0,0,0.519988852
LOC4817571,ND-B8,0,0.51968718,0.689662386,0.603465217,0,0,0.608631089,0.743041315,0.50855971,3.673046898
LOC4817619,CG5139,0,0,0,0,0,0,0.658810118,0.666273306,0,1.325083424
LOC4817641,halo,0,0,0,0,0,0,0,0.694642097,0.544006979,1.238649077
LOC4817646,CG14352,0,0,0.520574607,0,0,0,0.559784855,0.736602503,0,1.816961965
LOC4817665,CG5674,0,0,0,0,-0.654393883,0,-0.607657803,-0.60771054,0,-1.869762226
LOC4817668,CG15147,0,0.885856429,1.218642889,1.186571992,1.094124098,0,0.95565196,1.504364665,0.921082818,7.766294851
LOC4817669,Sytalpha,0,0.831046336,0.912379524,0.937744319,0,0,0.850626025,1.127104329,0.811560941,5.470461475
LOC4817676,mEFTs,0,0,0.510674138,0.548735101,0,0,0,0.576885936,0,1.636295175
LOC4817683,Sgt,0,0,0,0,-0.569789075,0,0,0,0,-0.569789075
LOC4817707,CG6115,0.731567217,0,0,0,0,0.577666649,0.57566674,0,0,1.884900607
LOC4817721,RpL40,0.547795288,0,0,0,0,0,0,0,0,0.547795288
LOC4817732,CG14947,0,0,0,-0.554690819,0,0,0,0,-0.635147271,-1.18983809
LOC4817749,Tom70,0,0,0,0,-0.534605525,0,0,0,0,-0.534605525
LOC4817762,CG5708,0.757786898,0,0,0,0,0,0,0,0,0.757786898
LOC4817770,Usp14,0.573151228,0,0,0,0,0,0,0,0,0.573151228
LOC4817772,KdelR,0.585766416,0,0,0,0,0,0,0,0,0.585766416
LOC4817773,SmB,0.625982499,0,0,0,0,0,0,0,0,0.625982499
LOC4817782,CG5861,0.567583623,0,0,0,0,0,0,0,0,0.567583623
LOC4817817,Stip1,0.682827931,0,0,0,0,0,0,0,0,0.682827931
LOC4817857,mRpL10,0.620820402,0,0,0,0,0,0,0,0,0.620820402
LOC4817867,CG9263,0,0,0,0,-0.553896666,0,-0.513800161,0,0,-1.067696827
LOC4817869,TfIIS,0.546324631,0,0,0,0,0,0,0,0,0.546324631
LOC4817891,CG17378,0,0.686230642,0.861550328,0.716294456,0,0,0.843195145,0.882503066,0.599927593,4.589701231
LOC4817899,CG31644,0,0,0,0,0,-0.623617036,0,0,0,-0.623617036
LOC4817912,CG13110,0,0.861493573,1.482838866,1.405954995,0.720106892,0,1.089089572,1.874853273,1.138205556,8.572542728
LOC4817922,CG31913,0,0,0,0,-0.512143206,0,0,0,0,-0.512143206
LOC4817925,CG10834,0,0.63414095,1.416238706,0,0,0,0.981330432,1.723141375,0.659422931,5.414274393
LOC4817943,Hel25E,0.54433604,0,0,0,0,0,0,0,0,0.54433604
LOC4817955,CSN1a,0,0,0,-0.583674102,0,0,0,0,0,-0.583674102
LOC4817956,CG31835,0,0,0,0,-0.565731964,0,0,0,0,-0.565731964
LOC4817960,CG13693,0,0,-0.502193618,-0.598068994,-0.827094819,0,-0.506049922,0,0,-2.433407353
LOC4817964,Rpn3,0.501005755,0,0,0,0,0,0,0,0,0.501005755
LOC4817968,Rcd4,0,0.7525871,1.237830248,1.053237302,0,0,1.044205717,1.255717287,1.02195722,6.365534873
LOC4818002,CG18269,0,0,0,-0.589834376,0,0,0,0,0,-0.589834376
LOC4818028,CG11629,0,0,0,0,1.207784297,0,0,0,0,1.207784297
LOC4818033,CG15219,-0.680084802,0,0,0,0,0,0,0,0,-0.680084802
LOC4818038,CG6441,0,0.631668115,0,0,0,0,0.613808863,0.581020907,0,1.826497885
LOC4818069,osp,0,0,0,0,0,0.530071514,0,0,0,0.530071514
LOC4818072,CG31624,0,-0.57969038,0,0,0,0,-0.731024036,-0.506694803,0,-1.817409219
LOC4818080,REPTOR-BP,0.655141551,0,0,0,0,0,0,0,0,0.655141551
LOC4818091,Gdi,0.51292133,0,0,0,0,0,0,0,0,0.51292133
LOC4818095,STUB1,0,0,0,0,0,0.534536716,0,0,0,0.534536716
LOC4818118,Phf5a,0,0,0,0,0,0.602898765,0,0,0,0.602898765
LOC4818128,slmo,0,-0.569353513,-0.625330309,-0.561041872,-0.69437284,0,-0.708589559,-0.597908247,-0.533230507,-4.289826848
LOC4818142,Ing5,0.506125334,0,0,0,0,0,0,0,0,0.506125334
LOC4818147,chic,0,0.718978315,0.670375584,0.617601137,0,0,0.600537012,0.589317886,0.554176742,3.750986676
LOC4818154,l(2)35Be,0.632900359,0,0,0,0,0.508294909,0,0,0,1.141195268
LOC4818164,CG5171,0,0,0.946358994,0.627658882,0,0,0,1.166708249,0.792823114,3.533549239
LOC4818171,CG1421,0,0.51106437,0,0,0,0,0,0,0,0.51106437
LOC4818173,PRL-1,0.569809138,0,0,0,0,0,0,0,0,0.569809138
LOC4818176,Sec61alpha,0,0,0,0,0,0,0,0.552978481,0,0.552978481
LOC4818177,CG9222,-0.500133227,0,-0.523677588,0,-0.654494335,0,-0.574219881,-0.505059137,0,-2.757584169
LOC4818187,Mpp6,0,0,0,0,0,0,0,0.778449648,0,0.778449648
LOC5495514,GILT2,0,0,0,0,-0.728039064,0,0,0,0,-0.728039064
LOC6896700,NA,0,0.607487478,0.57975463,0.600621999,0,0,0.611906178,0.608323689,0.549206996,3.55730097
LOC6896714,Tace,0,0,0,0,-0.510863701,0,0,0,0,-0.510863701
LOC6896751,CG34150,0,0,0,0,-0.533175768,0,0,0,0,-0.533175768
LOC6896757,NA,0,0.572312983,0.773330162,0,0,0,0.817476611,1.011278554,0,3.17439831
LOC6896781,Pcd,0,0,-0.654560054,-0.737417056,-0.506995262,0,0,-0.504558455,-0.554797491,-2.958328318
LOC6896790,EloB,0.545220213,0,0,0,0,0,0,0,0,0.545220213
LOC6896804,CG34289,0,0,0.664753231,0.706477764,0,0,0,0.915543071,0.728357506,3.015131572
LOC6896862,NA,0,0.874164411,0.944056659,0.893798343,0.701425909,0,0.897991553,1.262503688,0.765969021,6.339909583
LOC6896871,NA,0,0,0,0,-0.586237195,0,0,0,0,-0.586237195
LOC6896872,CG12426,0,0,-0.601946507,0,0,0,0,-0.54248083,0,-1.144427336
LOC6896876,NA,0.634536834,0,0,0,0,0,0,0,0,0.634536834
LOC6896891,NA,0,-0.61293385,0,0,0,0,0,-0.620923896,0,-1.233857746
LOC6896902,cher,0,0,-0.529124635,-0.55733566,0,0,0,-0.571505789,-0.555116202,-2.213082285
LOC6896919,CG10340,0,0,0,0,-0.624061368,0,0,0,0,-0.624061368
LOC6896925,NA,0,0.55693295,0,0,0,0,0,0,0,0.55693295
LOC6896984,NA,0,0,0,-0.507681538,-0.661295169,0,0,0,0,-1.168976706
LOC6896985,NA,0,0,0.534498223,0.510620112,0,0,0.544893853,0.634602519,0,2.224614707
LOC6896999,CG6465,0,0,0.575845862,0.560576503,0.597141069,0,0,0.670358707,0,2.403922141
LOC6897037,NA,0,0.544080642,0.546200346,0,0,0,0,0,0,1.090280988
LOC6897052,NA,0,0,0,0,-0.539286927,0,0,0,0,-0.539286927
LOC6897075,CG34293,0,0,0,0,0,0.538528921,0,0,0,0.538528921
LOC6897093,CG5194,0.747317558,0,0,0,0,0,0,0,0,0.747317558
LOC6897101,NA,0,0,-0.508591549,0,-0.523497184,0,0,0,0,-1.032088732
LOC6897104,CG34279,0,0,0,0,0,0,0.619752373,0.74068519,0,1.360437563
LOC6897127,CG14868,0,0,0,0,0.843848495,0,0,0,0,0.843848495
LOC6897142,NA,0,1.257658274,1.496080451,1.320398533,0.594164794,0,1.331810431,1.51505154,0.949519834,8.464683857
LOC6897168,NA,0,0,0,0,0,0,-0.608448037,0,0,-0.608448037
LOC6897171,elm,0.702230963,0,0,0,0,0,0,0,0,0.702230963
LOC6897173,MTA1-like,-0.691862404,0,0,0,0,0,0,0,0,-0.691862404
LOC6897206,NA,0,0.766256453,0.901771267,0.974746532,0.642781517,0,0.832787469,0.905859487,0.721222907,5.745425632
LOC6897218,PKD,0,0,0.56471182,0.574062691,0,0,0.501392807,0.580701174,0,2.220868493
LOC6897229,NA,0.521409607,0,0,0,0,0,0,0,0,0.521409607
LOC6897231,NA,0,0,0,0,0,0,0,0.532842638,0,0.532842638
LOC6897243,Fkbp39,0.506790205,0,0,0,0,0,0,0,0,0.506790205
LOC6897283,NA,0.590038251,0,0,0,0,0,0,0,0,0.590038251
LOC6897314,NA,0.574710578,0,0,0,0,0.515750423,0,0,0,1.090461
LOC6897333,NA,0.542991957,0,0,0,0,0,0,0,0,0.542991957
LOC6897337,p38c,0,0,0.727291241,0.655552489,0,0,0,0.917434872,0.639078478,2.93935708
LOC6897347,NA,0,0,-0.602977791,-0.781477382,0,0,0,0,-0.803401788,-2.187856961
LOC6897354,CG14835,0,1.109377962,1.427107828,1.28478196,0.777000676,0,1.37730187,1.70406582,0.961770551,8.641406666
LOC6897357,NA,0,0,-0.738421592,-0.551300572,-0.551367457,0,-0.662047292,-0.771120301,-0.680121749,-3.954378963
LOC6897363,NA,0,0.640753426,0.777848079,0,0,0.529185777,0.775501102,0.686245134,0,3.409533518
LOC6897376,Osi17,0,0,0,0,0,0,0,0.699425198,0,0.699425198
LOC6897387,side-III,-0.719570619,0,0,0,0.50142981,0,0,0,0,-0.218140809
LOC6897391,glob2,0,-0.549107188,-0.619600691,0,-0.695416815,0,-0.605504538,-0.607190647,0,-3.076819879
LOC6897402,NA,0,0,0,0,0,0.504786776,0,0,0,0.504786776
LOC6897407,awd,0.609196237,0,0,0,0,0,0.555779695,0,0,1.164975932
LOC6897410,NA,0,0,0.518710729,0,0,0,0.670326189,0.694604872,0,1.883641789
LOC6897468,Calr,0.55250512,0,0,0,0,0,0,0,0,0.55250512
LOC6897484,CG33340,0,0.68417637,0.827581713,0.773870445,0,0,0.854179746,0.900054468,0.603639841,4.643502585
LOC6897492,Hex-t2,0,0.561686779,0,0.518907329,0,0,0.561608114,0.713411817,0.509367132,2.864981171
LOC6897503,Prosbeta2R2,0,0,0,0,0,0,0,-0.522533549,0,-0.522533549
LOC6897506,RpL34a,0.508662253,0,0,0,0,0,0,0,0,0.508662253
LOC6897520,CG5793,0,0.873988922,0.878806172,0.703113777,0,0,0.883858282,0.970914566,0.603426922,4.914108641
LOC6897534,NA,0,1.144314482,1.080877595,1.024753082,2.093232185,0,1.26116047,1.308434725,0.763939372,8.676711911
LOC6897539,CG32440,0,0.84039116,0.704780679,0.714469307,0,0,1.09670965,0.821206299,0.60383211,4.781389205
LOC6897586,NA,0,0,-0.570015334,0,0,0,0,-0.637699981,0,-1.207715315
LOC6897590,NA,0,0,0,0,0,0.905627176,0,0,0,0.905627176
LOC6897604,CG12147,0,0,0,-0.56997477,0,0,0,-0.536596565,0,-1.106571336
LOC6897614,CG34277,0,0.868365558,1.063345877,1.087823014,0,0,1.251173502,1.387793247,0.799468707,6.457969905
LOC6897620,NA,0,0,0,-0.604732802,0,0,0,0,-0.586999893,-1.191732695
LOC6897645,mRpL47,0.515100906,0,0,0,0,0,0,0,0,0.515100906
LOC6897646,CG7634,0,1.079994288,1.406527999,1.268311242,0.631245455,0,1.166099065,1.646909249,1.138397022,8.337484319
LOC6897647,Acyp2,0,0.640376199,1.011665394,0.593068678,0,0,0.5978602,0.948853933,0,3.791824403
LOC6897650,CG17931,0,0,-0.538239058,0,-0.722596795,0,-0.584410287,-0.533149408,0,-2.378395549
LOC6897655,GC2,0,0.588789507,0.591800236,0,0,0,0.667032142,0.66868282,0,2.516304705
LOC6897659,CG14740,-0.55711663,0,0,0,-0.66746571,-0.514285039,-0.570101596,0,0,-2.308968976
LOC6897692,CG14354,0,-0.523101309,-0.950389755,0,0,0,0,-0.562569963,-0.782081579,-2.818142607
LOC6897693,NA,0,0,0,0,-0.528001553,0,0,0,0,-0.528001553
LOC6897695,NA,0,0.709986358,0.506211973,0.50632257,0,0,0.658313815,0.653574223,0,3.034408939
LOC6897697,NA,0,0,0,0,0,0,0.50958662,0,0,0.50958662
LOC6897701,CG5039,0.522653197,0,0,0,0,0,0,0,0,0.522653197
LOC6897737,Vha16-2,0,-0.704869962,-0.656274932,-0.671819121,0,0,-0.61882493,0,-0.854955932,-3.506744877
LOC6897738,Vha16-3,0,0,0,0,0,0,0,0,-0.519893377,-0.519893377
LOC6897798,UQCR-11,0.773437894,0,0,0,0,0.60247531,0.580405546,0,0,1.956318751
LOC6897857,CG43290,0,0,-0.557916681,0,0,0,0,0,0,-0.557916681
LOC6897858,NA,0,1.102433197,1.302144344,1.215613747,0.81601719,0,1.441193839,1.578002522,1.041812749,8.497217589
LOC6897863,Ubc84D,0,0,0,0,-0.504564915,0,0,0,0,-0.504564915
LOC6897872,CG10919,0,1.516287941,1.897950114,1.659203574,0.743389927,0,1.801972743,2.252412798,1.384160953,11.25537805
LOC6897874,NA,0,1.294381833,1.740096359,0,0,0,1.543346111,2.011160553,0,6.588984856
LOC6897908,Indy-2,0,1.221917424,1.377956104,1.238264588,0.626036096,0,1.328673912,1.563862861,0.81924198,8.175952965
LOC6897920,NA,0.503170077,0,0,0,0,0,0,0,0,0.503170077
LOC6897928,NA,0,1.32877632,1.416088681,1.366703144,0.921253909,0,1.561767323,1.531289312,0.976088776,9.101967464
LOC6897929,NA,0,-0.629942001,-1.089658148,-0.980913631,-1.304054443,0,-0.609083484,-1.126720158,-0.988786762,-6.729158628
LOC6897930,CG30270,0,-0.550288351,-0.554056179,-0.692956525,0,0,0,0,0,-1.797301055
LOC6897939,RpS25,0.598198283,0,0,0,0,0,0,0,0,0.598198283
LOC6897961,CG14316,0,0,0,-0.533971056,0,0,0,0,0,-0.533971056
LOC6897963,Prx5,0,0.620299761,0.716745814,0,0,0,0.598486543,0.668171068,0.638646132,3.242349318
LOC6897975,NA,0,0,0,0.53774143,0,0,0,0,0,0.53774143
LOC6897978,NA,0,0.619715118,1.029860578,0,0,0,0.663409779,1.079420363,0,3.392405838
LOC6897981,NA,0,0,0,0,1.584539945,0,0,0,0,1.584539945
LOC6897986,CG7333,0,0,0.637472952,0,0,0,0,0.682935828,0,1.320408781
LOC6897993,CG34286,0,-0.811342261,-0.898574412,-1.010173171,-0.873157462,0,-0.644036694,-1.066013131,-0.776281965,-6.079579096
LOC6898007,NA,0,0.56612759,0.612882305,0,0,0,0.507816619,0,0,1.686826515
LOC6898008,CG34274,0,0,0,0,-0.633595313,0,0,0,0,-0.633595313
LOC6898023,RNASEK,0.779454598,0,0,0,0,0.565407441,0,0,0,1.344862039
LOC6898081,S-Lap5,0,0.819343305,0,0,0,0,0.843044757,0,0,1.662388062
LOC6898113,CG11145,0,0,0,0,-0.529198602,0,0,0,0,-0.529198602
LOC6898161,ND-MWFE,0.668458216,0,0,0,0,0.677186494,0.71095335,0,0,2.056598061
LOC6898167,CG42288,-0.763872728,0,0,0,0,0,0,0,0,-0.763872728
LOC6898182,CG13168,0,0.705445787,0.580308814,0,0,0,0.964711421,0.856649989,0,3.107116011
LOC6898192,Rpi,0,-0.537312798,-0.601863352,-0.701913823,-0.576932616,-0.59813566,-0.61311929,0,0,-3.62927754
LOC6898203,NA,0,0.642673956,0.93754525,0.987475876,0,0,0.732048847,1.116538425,0.885981971,5.302264326
LOC6898205,NA,0,0,0.751188935,0.766267819,0,0,0,0.928274855,0,2.445731608
LOC6898217,NA,-0.713622796,-0.966268129,-1.335402094,-1.05517244,-1.214311681,-1.027901724,-1.318500518,-1.428453901,-1.13176136,-10.19139464
LOC6898220,NA,0,1.028843604,1.092558547,0.969673096,0,0,1.227332056,1.223723155,0.770014233,6.312144691
LOC6898227,CG44433,0,0,0,0,0.868692192,0,0,0,0,0.868692192
LOC6898237,CG33655,0,-0.761150029,-0.722563268,0,-0.702505456,-0.512683519,-0.923304931,-0.889489293,-0.593210543,-5.10490704
LOC6898243,NA,0,-0.547420137,-0.535516936,-0.673137999,-0.60548731,0,-0.554827554,-0.660544804,-0.547608157,-4.124542896
LOC6898249,CG6262,0,0,0,0,0.694835531,0,0,0,0,0.694835531
LOC6898258,CG42565,0,0.541593694,0.654330686,0,0,0,0.746894631,0.709318242,0,2.652137253
LOC6898262,CG13527,0,0,0,0,0,0,0,0.558606529,0.50955749,1.068164019
LOC6898263,NA,0,0.892961288,1.339919533,1.291320773,0.700028183,0,1.007153245,1.582111729,1.034975234,7.848469985
LOC6898265,NA,0,0.630812708,0.83175316,0.788620734,0,0,0.75908533,0.920945311,0.608687644,4.539904887
LOC6898268,NA,0,0,-0.572087235,-0.611065526,-0.722053262,0,0,-0.561996041,-0.599889765,-3.06709183
LOC6898275,CG34442,0,0,0,0,0,0,0.549647204,0,0,0.549647204
LOC6898281,NA,0,0,0,0,-0.672905594,0,0,0,0,-0.672905594
LOC6898282,Drip,-0.573065743,-1.115960772,-1.374376241,-1.001174993,-1.347904979,-0.796935516,-1.505774545,-1.538705514,-1.248501991,-10.50240029
LOC6898323,NA,0,0,0.712173958,0,0,0,0,0.727416444,0.603357027,2.042947428
LOC6898338,CG13321,-0.614218109,0,0,0,-0.524953065,-0.576042722,-0.682971537,0,0,-2.398185433
LOC6898356,NA,0.881246934,0.765431242,0,0,0,0.725738889,0.817995573,0,0,3.190412638
LOC6898364,CG31231,0,0.627291128,0.603782255,0,0,0,0.732305306,0.740552427,0,2.703931116
LOC6898379,CG34216,0,0,0.585219312,0.62359566,1.070297077,0,0,0.663236136,0,2.942348185
LOC6898401,ste24c,-0.582156903,0,0,0,0,0,0,0,-0.561407273,-1.143564176
LOC6898409,CG12209,0,0,0,-0.649654245,0,0,0,0,0,-0.649654245
LOC6898426,CAP,0,0,-0.501619545,0,0,0,0,0,0,-0.501619545
LOC6898450,CG43775,0,0,0,0,-0.54541634,0,0,0,0,-0.54541634
LOC6898467,CG13330,0,0,0,0,0.555449495,0,0,0,-0.527209368,0.028240127
LOC6898474,CG33704,0,0.702834146,0,0,0,0,0.878206473,0,0,1.581040619
LOC6898488,CG11180,0,0,0,0,0,0,0.54622294,0.502795698,0,1.049018638
LOC6898491,Nnf1a,0,0,0,0,0,0.632956873,0,0,0,0.632956873
LOC6898563,CG43106,0,0,0,-0.890948209,0,0,0,0,-0.697147348,-1.588095557
LOC6898572,NA,0,0.733907156,1.269207862,0,0,0,0.73267805,1.225190302,0,3.960983371
LOC6898573,NA,0,0,0,0,0,0,0.650082861,0.718160605,0,1.368243465
LOC6898577,CG13426,0,0.598212494,0,0,0,0,0.641540243,0,0,1.239752737
LOC6898658,Act42A,0.507062363,0,0,0,0,0,0,0,0,0.507062363
LOC6898672,ZnT41F,0,0,-0.503495769,-0.512032688,0,0,0,0,0,-1.015528457
LOC6898740,NA,-0.577725075,0,0,0,0,0,0,0,0,-0.577725075
LOC6898742,NA,-0.821581219,0,0,0,-0.658329821,-0.521293098,-0.504593688,0,0,-2.505797827
LOC6898764,CG30059,0,0,0,-0.526696791,0,0,0,0,0,-0.526696791
LOC6898775,NA,0,0,0,0,0,0,0,0,-0.524945816,-0.524945816
LOC6898776,sub,0,0,-0.582064619,0,0,0,0,0,0,-0.582064619
LOC6898809,NA,0,0,0,0,0,0.572905915,0,0,0,0.572905915
LOC6898832,NA,0,0,0,0.627303549,0,0,0.633066784,0,0,1.260370333
LOC6898833,NA,0,0.505626615,0.852689244,0.705106669,0,0,0.693106674,1.000314307,0.634266795,4.391110304
LOC6898836,NA,0,0.685385913,0.924536756,0.806235113,0.592791311,0,0.714758454,0.973860239,0.737066772,5.434634557
LOC6898840,PpN58A,0,-0.709064701,-0.840827359,-0.836544255,-0.64537812,0,-0.771842259,-0.795992092,-0.725674689,-5.325323475
LOC6898898,CG14644,0,0.629945128,0.76619282,0.737667529,0,0,0.862485387,0.902494668,0.552839096,4.451624629
LOC6898902,CG14488,0,0,-0.562855162,-0.589473792,-0.844329806,0,-0.505685695,0,0,-2.502344454
LOC6898909,NA,0,0,0.588394108,0.577890633,0,0,0.545027147,0.834137152,0.62840359,3.17385263
LOC6898930,NA,0,-0.560176946,0,0,0,0,-0.78661528,-0.647416617,0,-1.994208844
LOC6898936,NA,0,0,0,0,-0.512673153,0,0,0,0,-0.512673153
LOC6898943,CG42493,0,0.613818493,0.983923546,0.952378807,0,0,0.872248282,1.231609913,0.741351958,5.395331
LOC6898971,Nurf-38,0.561086259,0,0,0,0,0,0,0,0,0.561086259
LOC6898984,NA,0,0,0.572859284,0.502469555,0,0,0.519147881,0.6038725,0,2.19834922
LOC6898985,CG10543,0.524968083,0,0,0,0,0,0,0,0,0.524968083
LOC6898991,NA,0,0.562525355,0,0,0,0,0.509514503,0,0,1.072039859
LOC6899050,eIF3f2,0.820250752,0,0,0,0,0,0,0,0,0.820250752
LOC6899051,tomboy40,0,0,0.530357376,0.507386983,0,0,0,0.618446435,0,1.656190794
LOC6899058,NA,0,0.538222116,0,0,0,0,0.631983138,0,0,1.170205255
LOC6899070,CG30419,0,0,-0.657203105,-0.725497026,-0.715585067,0,0,0,0,-2.098285198
LOC6899080,Rho1,0.572189735,0,0,0,0,0,0,0,0,0.572189735
LOC6899109,CG34205,0,-0.557069289,-0.606862791,-0.51536085,0,0,-0.565949241,-0.655038454,0,-2.900280625
LOC6899191,CG6629,-0.515509454,0,0,-0.541376249,-0.637544696,-0.505080711,-0.514496784,0,0,-2.714007894
LOC6899211,NA,1.199887492,0,0,0,0,0.793620154,0.914643351,0,0,2.908150997
LOC6899232,CG16853,-0.640773496,0,0,0,0,0,0,0,0,-0.640773496
LOC6899286,Jupiter,0,0,0.513776791,0.64133712,0.76097342,0,0,0,0,1.916087331
LOC6899288,CG15638,-0.640097464,0,0,0,-0.675015381,0,0,0,0,-1.315112845
LOC6899308,NA,0,0,0,0,0,0,0,0.653113466,0,0.653113466
LOC6899369,ATPsynD,0.637781582,0,0,0,0,0,0,0,0,0.637781582
LOC6899370,mRpL55,0.515982204,0,0,0,0,0,0,0,0,0.515982204
LOC6899618,NA,0,0,0,0,0,0,-0.58124933,-0.588882649,-0.517928415,-1.688060394
LOC6899764,RpL15,0.773847194,0,0,0,0,0,0,0,0,0.773847194
LOC6899794,CG31715,0.573711408,0,0,0,0,0,0,0,0,0.573711408
LOC6899822,Eph,0,0,0,0,0.858485381,0,0,0,0,0.858485381
LOC6899833,RpLP2,0.552135667,0,0,0,0,0,0,0,0,0.552135667
LOC6899898,CG43312,0,0,0,0,-0.551932956,0,0,0,0,-0.551932956
LOC6899901,NA,0,0,0.514628233,0,0,0,0.578576382,0.768234172,0.527117704,2.388556491
LOC6899980,NitFhit,0,0,0,0,0,0,0,0.531090156,0,0.531090156
LOC6900021,CG13038,0,-0.585124444,-0.513645893,0,0,-0.509727653,-0.555243867,0,0,-2.163741857
LOC6900131,NA,0,0.53248453,0,0,0,0,0.649258936,0.602900774,0,1.784644241
LOC6900174,CG32392,0,0,0,0,0.987824589,0,0,0,-0.610571153,0.377253436
LOC6900177,eIF4E4,-0.638593121,0,0,0,-0.692116938,0,0,0,0,-1.330710059
LOC6900198,NA,0,0,0,0,0,0,0,-0.733611879,0,-0.733611879
LOC6900205,CG42590,0,0.645083469,0,0.552607981,0,0,0.544881287,0,0,1.742572737
LOC6900239,NA,0.501473484,0,0,0,0,0,0.500173369,0,0,1.001646854
LOC6900246,CG6888,0,-0.545450232,-0.532929057,-0.541367061,0,0,0,0,0,-1.61974635
LOC6900266,Rcd7,0,0,0,0,-0.55536061,0,0,0,0,-0.55536061
LOC6900271,NA,0,0,0,0.508249101,0,0,0,0.51032904,0,1.018578141
LOC6900294,NA,0,0.734380596,0.543550719,0.582178341,0,0,0.869758483,0.588713109,0,3.318581248
LOC6900316,NA,0,0,0,0,-0.667471568,0,0,0,0,-0.667471568
LOC6900352,CG30161,0,0,-0.57022958,-0.630451463,0,0,0,-0.509407305,-0.63469146,-2.344779807
LOC6900363,NA,0,0.709088435,1.002218883,0.909747065,0,0,0.847459711,1.052840644,0.770868614,5.292223352
LOC6900371,CG13476,0,0,0,0,0,0,0,0,-0.503625411,-0.503625411
LOC6900374,CG5048,0,0,0.617587376,0.766652023,0.753250922,-0.637957099,0,0,0,1.499533222
LOC6900388,NA,0,0.56418119,0,0,0,0,0.524195848,0,0,1.088377038
LOC6900391,CG33278,0,0,-0.616006058,-0.807776265,-0.658839949,0,0,0,-0.657843835,-2.740466107
LOC6900413,CG5897,0,0,0,0,-0.665386534,0,0,0,0,-0.665386534
LOC6900436,CG32391,0,-0.564446587,-0.650795286,-0.699586818,-0.590547613,0,0,-0.666379818,-0.56088111,-3.732637233
LOC6900466,CG32459,0,0,0,0,-0.570396573,0,0,0,0,-0.570396573
LOC6900537,NA,-0.627725047,0,0,0,0,-0.784351179,-0.559922619,0,0,-1.971998845
LOC6900570,NA,0,0.659168485,0.777817674,1.030197182,2.423741357,0,0.601209851,0.860009019,0.631707292,6.98385086
LOC6900610,NA,0.94342447,0,0,0,0,0.684567456,0,0,0,1.627991926
LOC6900634,CG7276,0,0,-0.544335762,0,0,0,0,0,0,-0.544335762
LOC6900685,NA,0,0,0.564633237,0.661287919,0,0,0,0.756740786,0.565382886,2.548044829
LOC6900687,CG34238,0,0.505719674,0,0,0,0,0.632478734,0.602195712,0,1.74039412
LOC6900689,CG42535,0,0,0,0,0,0,0,0.563037779,0,0.563037779
LOC6900691,CG8009,0,-0.500989799,0,0,-0.572455047,0,-0.582074325,0,0,-1.65551917
LOC6900749,CG32086,0,0,0,0,-0.55109305,0,0,0,0,-0.55109305
LOC6900918,CG33233,0,0,0.54247523,0,0,0,0.536950314,0.544526959,0,1.623952503
LOC6900941,BI-1,0,0,0,0,-0.53718859,0,-0.517093733,0,0,-1.054282323
LOC6900951,NA,0,0,0,0,0,0,0.613303135,0.596391401,0,1.209694536
LOC6900978,NA,0,0,0,0,-0.536104427,0,-0.516995398,0,0,-1.053099824
LOC6900999,CG4456,0,0,-0.507928365,0,-0.523499794,0,-0.527563587,-0.54478252,0,-2.103774265
LOC6901022,CG32548,-0.530098773,0,0,0,-0.604803021,0,0,0,0,-1.134901794
LOC6901064,NA,0,0,-0.607802112,-0.65585408,-0.593880434,0,0,0,0,-1.857536625
LOC6901065,NA,0.827988798,0,0,0,0,0.661341023,0,0,0,1.489329821
LOC6901070,NA,0,0,0,-0.562975523,-0.648448737,0,-0.548554774,0,0,-1.759979034
LOC6901126,NA,0,0,0,0,0,0.888267207,0.622429595,0,0,1.510696803
LOC6901205,NA,0,0,0,0,-0.579966789,0,0,0,0,-0.579966789
LOC6901212,NA,0,0,0,0,0,0.573220641,0,0,0,0.573220641
LOC6901248,NA,0,0,0.563052862,0.515578201,0,0,0.523444386,0.625457306,0.578076666,2.80560942
LOC6901263,NA,0.90033138,0,0,0,0,0,0,0,0,0.90033138
LOC6901265,NA,0,1.165024852,1.137663828,1.195964139,0.838336725,0,1.108086238,1.198553792,0.876245518,7.519875093
LOC6901270,NA,0,0.719314026,0,0,0,0,0.923540895,0,0,1.642854921
LOC6901271,NA,0.694899475,0,0,0,0,0.530539482,0,0,0,1.225438957
LOC6901276,CG3526,0.650454126,0,0,0,0,0,0,0,0,0.650454126
LOC6901317,Lsm12a,0,0.615010484,0,0,0,0.539294595,0.66181734,0,0,1.81612242
LOC6901326,NA,0,0.707035022,0.616724636,0.633367894,0,0,1.029341371,0.650233956,0.500729528,4.137432406
LOC6901343,NA,-0.523806666,0,0,0,-0.660340007,0,0,0,0,-1.184146673
LOC6901354,RpS5a,0.618609499,0,0,0,0,0,0,0,0,0.618609499
LOC6901393,NA,0,0.589027463,0,0,0,0,0,0.553152285,0,1.142179748
LOC6901436,NA,0,0,0,0.617238266,0,0,0,0.632843289,0.654712295,1.904793851
LOC6901438,NA,0,0,0.758369314,0.673215256,0,0,0.50923279,0.78931436,0,2.730131721
LOC6901451,NA,0,0,0,-0.521101706,0,0,0,0,0,-0.521101706
LOC6901457,CG7295,0,0.678658827,1.064490149,0.951245766,0,0,0.893199272,1.237214687,0.799187155,5.623995857
LOC6901466,CG32755,0,-0.617335535,-0.551478325,0,0,0,-0.592268175,-0.540221301,0,-2.301303336
LOC6901468,NA,0,0,-0.500512178,0,0,0,0,0,0,-0.500512178
LOC6901482,NA,0,1.060024504,1.103730469,1.120487824,0.622718536,0,1.178160651,1.208939007,0.84460055,7.138661541
LOC6901493,NA,0,0,-0.622615188,0,0,0,0,0,-0.694801518,-1.317416706
LOC6901496,NA,0,0,0.812685814,0.676338494,0,0,0.647239203,0.763353386,0.634008925,3.533625823
LOC6901507,CG12479,0,0,0.915313794,0.644821189,2.777941176,0,0,0.755267862,0,5.093344021
LOC6901509,NA,0,0,0,0,-0.643502749,0,0,0,0,-0.643502749
LOC6901511,NA,-0.586234787,0,0,0,0,0,0,0,0,-0.586234787
LOC6901529,CG11068,0,0.888781975,1.207023271,1.185012552,0.752383743,0,0.97088465,1.430016908,0.918974653,7.353077752
LOC6901534,CG43206,0,0.81198613,0.824567663,0.858464899,0.923221315,0,0.596971539,0.710640766,0,4.725852312
LOC6901565,NA,0,0,0,0,0.505225337,0,0,0,0,0.505225337
LOC6901580,NA,0,0.799082207,0.880450528,0.637111534,0,0,0.69574354,0.741741617,0.67884645,4.432975876
LOC6901593,NA,0.966936472,0,0,0,0,0.500589794,0,0,0,1.467526265
LOC6901596,NA,0,0.555358913,0.611903866,0.638096917,0,0,0.599711429,0.723597341,0.559647724,3.68831619
LOC6901599,NA,0,0,0,0,-0.591276449,0,0,0,0,-0.591276449
LOC6901605,NA,-0.523489146,0,0,-0.535083102,0,-0.55076654,-0.613534071,0,0,-2.222872858
LOC6901606,NA,0.847411673,0,0,0,0,-0.648979316,0,0,0,0.198432357
LOC6901634,NA,0,0,0.504160282,0.513553329,0,0,0,0.618152053,0.53803437,2.173900034
LOC6901659,NA,0,0,0,0,0,0.523619644,0,0,0,0.523619644
LOC6901660,NA,0,0,0,0,-0.632102333,0,0,0,0,-0.632102333
LOC6901722,CG32437,0,0,0,0,-0.639027981,0,0,0,0,-0.639027981
LOC6901728,Had1,0,0,0,0,-0.504584793,0,0,0,0,-0.504584793
LOC6901732,NA,0,0,0.601011337,0,0,0,0.532557281,0.692148647,0,1.825717264
LOC6901736,NA,0,0.727028313,0.652328588,0,0,0,0.913351474,0.87264699,0,3.165355366
LOC6901737,NA,-0.68917738,0,0,0,0,0,0,0,0,-0.68917738
LOC6901738,NA,0,0.724578154,0.714004021,0.730485735,0,0,0.696175493,0.766717006,0.620479793,4.252440202
LOC6901754,CG18155,0,0.987953139,0.827026919,0.62234777,0,0.727912609,0.924544804,0.767939696,0.607675024,5.465399961
LOC6901756,CG15034,-0.645915264,0,0,0,0,0,0,0,-0.697567007,-1.343482271
LOC6901761,NA,0,0,0,0,0,0,0,0,-0.551212464,-0.551212464
LOC6901775,NA,0,0.940536869,1.06276439,1.148467557,0,0,1.247577564,1.473146501,0.972280392,6.844773273
LOC6901780,NA,0,0.641537479,0.949227685,0.840213392,0.588537225,0,1.048001515,0.969931337,0.787818374,5.825267007
LOC6901785,CG32718,0,0,0,0,0,0,0.512925249,0,0,0.512925249
LOC6901789,NA,0,0.996990693,0.969803761,0.92206378,0.556870211,0.58863663,1.291393427,1.139606585,0.80575852,7.271123607
LOC6901821,NA,0,0,0.670416215,0.582220362,0.687434001,0,0,0,0,1.940070578
LOC6901823,NA,0,0,0.682002973,0.542002033,0.743807934,0,0,0,0,1.967812939
LOC6901854,Roc1a,0,0,0.530132941,0,0,0,0,0,0,0.530132941
LOC6901870,tilB,0,0,0,-0.519033577,0,0,0,0,0,-0.519033577
LOC6901886,CG32819,-0.555318787,0,0,0,0,0,0,0,0,-0.555318787
LOC6901933,NA,0,0,-0.695343659,-0.634006632,0,0,-0.501989273,0,-0.730261175,-2.561600739
LOC6901939,NA,0,0,0,0,0,0,0.542328487,0,0,0.542328487
LOC6901942,CG17768,0.814011284,0,0,0,0,0,0,0,0,0.814011284
LOC6901955,NA,0,0.970118036,1.425873352,1.089299974,0,0,1.272030478,1.591696818,0.886140466,7.235159124
LOC6901972,RpS14a,0,-0.529042175,-0.502120024,-0.574385922,0,0,0,0,0,-1.60554812
LOC6901982,CG14106,0,0,0,0,1.119928001,0,0,0,0,1.119928001
LOC6902006,NA,0,0.884436373,1.038824106,1.12860433,0.743576805,0,1.103582131,1.232343987,0.857670623,6.989038355
LOC6902021,NA,0,0,0.633248393,0,0,-0.683057113,0,0,0,-0.04980872
LOC6902046,NA,0,0,0,0,0.684608021,0,0,0,0,0.684608021
LOC6902051,NA,0,0,0.662760955,0,0,0,0.595155693,0.914397411,0,2.172314059
LOC6902054,NA,0,0.71539826,0.608273155,0,0,0.608085412,0.794886915,0,0,2.726643742
LOC6902067,NA,0,0,0,0,0,0,0.512281506,0,0,0.512281506
LOC6902103,Scsalpha2,0,0,0,0,-0.625502056,0,0,0,0,-0.625502056
LOC6902104,NA,0,0,0.528710383,0.500610108,0,0,0,0.545137192,0,1.574457683
LOC6902120,NA,0,0,0,0,-0.638213443,0,0,0,0,-0.638213443
LOC6902151,CG3610,0,0.590050772,0.989289062,0.978238248,0,0,0.813157777,1.133178033,0.885556462,5.389470354
LOC6902162,NA,0,0,-0.515735128,0,-0.615346788,0,-0.581684648,-0.500851356,-0.515185609,-2.72880353
LOC6902186,Tpl94D,0,1.107346311,1.408684466,1.213494934,0.572533049,0,1.432960002,1.637776984,1.10581037,8.478606117
LOC6902188,NA,0.584971275,0,0,0,0,0,0,0,0,0.584971275
LOC6902214,NA,0.820740942,0.616526748,0,0,0,0.711182924,0.892035235,0,0,3.040485849
LOC6902216,NA,0,0,0,0,-0.656546655,0,0,0,0,-0.656546655
LOC6902217,NA,0.636635254,0,0,0,0,0.592205207,0,0,0,1.228840461
LOC6902261,CG8565,0,0,0,0,0.958545717,0,0,0,0,0.958545717
LOC6902288,NA,0,0,0.55145693,0.574923282,0,0,0,0.650742289,0,1.777122501
LOC6902344,CG17377,-0.632471359,0,0,0,0,0,0,0,0,-0.632471359
LOC6902347,CG17375,0,0.523791386,0.618947456,0.558617457,0,0,0,0.682214228,0,2.383570528
LOC6902372,NA,0,0,-0.51202462,-0.59029042,-0.645098291,0,0,0,0,-1.747413331
LOC6902410,NA,0.938937999,0.623876698,0,0,0,0.775645807,0.729954954,0,0,3.068415458
LOC6902412,NA,0.936638773,0.941688587,0,0,0,0,0.803069735,0,0,2.681397095
LOC6902437,NA,0,0,0,0,-0.545939453,0,0,0,0,-0.545939453
LOC6902439,NA,0.881300198,0,0,0,0,0,0,0,0,0.881300198
LOC6902442,CG34106,0,0.680383258,0.639283151,0.590558899,0,0,0.717719221,0.659349805,0.555116852,3.842411187
LOC6902449,NA,0,-0.507759643,0,0,0,0,0,0,0,-0.507759643
LOC6902450,NA,0,0,0,0,0,0,0,0,-0.653440959,-0.653440959
LOC6902451,NA,0,1.596950882,1.847670266,1.689429733,0.635512818,0,1.934677282,2.210846509,1.312538489,11.22762598
LOC6902456,NA,0,0,-0.555547077,0,0,0,0,-0.5032656,0,-1.058812677
LOC6902466,ACXC,0,0,0.657079164,0.510064054,0,0,0,0.685506826,0.532566947,2.385216992
LOC6902475,NA,0,0,0,0,1.049518472,0,0,0,0,1.049518472
LOC6902496,fan,0.583575273,0,0,0,0,0,0,0,0,0.583575273
LOC6902502,NA,0,0,0,0,-0.579804263,0,0,0,0,-0.579804263
LOC6902534,CG43851,0,-0.61313,-0.734099118,-0.607157337,0,0,-0.523103101,-0.579354598,-0.756243578,-3.813087731
LOC6902552,NA,0,-0.535499797,0,0,0,0,-0.614349897,-0.705712819,0,-1.855562512
LOC6902569,CG34161,-0.760586712,0,0,0,0,0,0,0,0,-0.760586712
LOC6902570,NA,0,0.620019213,0.526546203,0.590783767,0,0,0.621152854,0.666701706,0,3.025203743
LOC6902586,CG12511,0,0,0.546892122,0.556048526,0,0,0.618740339,0.826925291,0.800848171,3.349454449
LOC6902587,Hsp60C,0,0,0,0,0,-0.651948235,0,0,0,-0.651948235
LOC6902600,NA,0,-0.669750467,-0.648056024,0,0,0,-0.705100798,-0.74493041,-0.511277048,-3.279114747
LOC6902607,CG13970,0,0.501480127,0.695862073,0,0,0,0.651363078,0.999219521,0,2.847924799
LOC6902608,NA,0,0,0,0,0,0.568852748,0,0,0,0.568852748
LOC6902614,NA,0.565284574,0,0,0,0,0,0,0,0,0.565284574
LOC6902625,NA,0,0.724211558,0.799418603,0.864260791,0,0.56809156,1.041716736,0.769813959,0.597097599,5.364610804
LOC6902666,CG43923,0,0,-0.560636767,0,-0.54500317,0,0,0,0,-1.105639937
LOC6902670,NA,-0.751383284,0,0,0,0,0,0,0,0,-0.751383284
LOC6902671,CG31735,0,1.062519075,0.933350655,0.934674555,0.831376314,0,1.066251536,1.061350023,0.644685544,6.534207702
LOC6902673,CG8509,0,0.579908844,0.707577433,0,0,0,0.714443366,1.027694141,0,3.029623784
LOC6902677,CG34167,0,0,0,0,0.818328171,0,0,0,0,0.818328171
LOC6902738,CG42688,-0.817545991,0,0,0,0,0,0,0,0,-0.817545991
LOC6902739,CG43731,0,0.930763492,0.813645164,0.795864412,0.619547984,0,0.932243411,0.78211747,0.559181834,5.433363767
LOC6902747,lt,0,0,-0.66593653,0,0,0,0,-0.803308426,-0.56097137,-2.030216326
LOC6902763,CG17508,0,0,0.500328778,0,0,0,0.644928346,0.667998044,0,1.813255168
LOC6902792,CSN8,0.56487173,0,0,0,0,0.505522528,0,0,0,1.070394258
LOC6902806,Mis12,0.68594336,0,0,0,0,0.778857477,0,0,0,1.464800837
LOC6902813,NA,0,0,0,0,0,0.509759456,0,-0.634466465,0,-0.124707009
LOC6902815,Hsp60B,-0.612989161,0,0,0,0,0,0,0,0,-0.612989161
LOC6902823,CG12535,0,0,0,0,0,0,0.507430073,0,0,0.507430073
LOC6902838,CG2898,0,0.623130896,0.57251707,0.600558028,0,0,0.770132759,0.602707588,0,3.169046342
LOC6902845,NA,0,0,0,0,0,0,0.52091064,0,0,0.52091064
LOC6902850,NA,0,-0.580916972,0,-0.545198435,-0.679457428,0,0,0,0,-1.805572835
LOC6902852,NA,0,0,-0.680399782,0,0,0,0,0,-0.929442054,-1.609841835
LOC6902853,Mst36Fa,0,0,0,0,-0.631029157,0,0,0,0,-0.631029157
LOC6902854,NA,0.629609691,0,0,0,0,0.539162853,0,0,0,1.168772544
LOC6902858,CG4970,0,0,0,0,-0.562832323,0,0,0,0,-0.562832323
LOC6902866,NA,0,0,0,0,0,0,0.627493507,0,0,0.627493507
LOC6902867,NA,0,0,0,0,0,0,0,0.534530582,0,0.534530582
LOC6902871,CG43394,0,0,0,0,0,0,0,0.56535732,0,0.56535732
LOC6902873,CG32832,0,0,0,0.555224133,0,0,0.523875935,0.585922414,0.545656213,2.210678695
LOC6902901,CG3222,-0.995245499,0,0,-0.543697666,-0.719031582,0,0,0,0,-2.257974747
LOC6902917,NA,0,1.39912145,1.667311493,1.516757071,4.070111706,0,1.491545446,1.614484736,0.705097001,12.4644289
LOC6902926,NA,0.563539722,0,0,0,0,0,0,0,0,0.563539722
LOC6902943,NA,-0.735281175,-0.803949235,-0.613892208,-0.607893962,0,-0.531699305,-0.635759333,0,-0.505559075,-4.434034292
LOC6902948,NA,0,0,0,0.694794572,0,0,0,0,0,0.694794572
LOC6903001,NA,0,0.801935517,0.582346466,0.553527548,0,0,0.827503638,0.688272008,0,3.453585177
LOC6903002,NA,0,0,0,0,0,0,0,0.505417293,0,0.505417293
LOC6903009,CG34175,0,0.735231584,1.268844334,1.078811382,0.680531576,0,0.774541844,1.352284923,0.926756933,6.817002577
LOC6903015,NA,0,0.741717736,0.646063597,0.661164611,0,0,0.642729308,0.559743194,0,3.251418446
LOC6903028,CG31867,0,0,0,0,0,0,0,0.673356056,0,0.673356056
LOC6903030,NA,0,0,-0.554251403,0,0,0,0,-1.034277364,0,-1.588528767
LOC6903052,NA,0,0,0,0,0,0,0,0,-0.523455783,-0.523455783
LOC6903066,CG13725,0,0,-0.515069422,0,-0.63239401,0,0,0,0,-1.147463431
LOC6903067,NA,0,0.665409185,0.558037708,0.53060436,0,0,0.687798165,0.674402538,0.584171766,3.700423722
LOC6903071,CG11815,0,0,0,-0.577505256,0,-0.587390612,-0.502243855,0,0,-1.667139722
LOC6903072,CG3704,0,0,0.922484789,0.911294971,0,0,0.569215948,1.183473269,0.8428425,4.429311477
LOC6903083,NA,0,1.058255583,0.977307206,0.830470039,0,0,1.290603119,1.116771882,0.756209546,6.029617374
LOC6903084,CG33322,0,1.220003999,1.581255023,0,0,0,1.570046206,1.923795152,0,6.29510038
LOC6903086,NA,0,0,0.570580123,0.565160876,0,0,0,0,0,1.135740999
LOC6903093,CG17470,0,-0.606161429,0,0,0,0,-0.699031802,-0.790796756,-0.535456732,-2.631446719
LOC6903115,CG31817,0,0,0,0,0.690202892,0,0,0,0,0.690202892
LOC6903118,CG42231,0.561812308,0,0,0,0,0,0,0,0,0.561812308
LOC6903133,NA,0.514454785,0.832092893,0,0,0,0.945890603,1.012898794,0,0,3.305337075
LOC6903137,c-cup,0,0,0,-0.518285235,0,0,0,0,-0.934182226,-1.452467461
LOC6903150,NA,-0.686789369,0,0,0,0,0,0,0,0,-0.686789369
LOC6903163,CG34178,0,0,0,0,-0.504767022,0,0,0,0,-0.504767022
LOC6903186,NA,0,0,0.833376106,0.748259175,0,0,0.720674541,0.974363152,0.731752596,4.008425569
LOC6903187,NA,-0.556828698,0,0,0,0,0,-0.540404408,0,0,-1.097233106
LOC6903189,CG5556,0,0,0.526426929,0,0,0,0,0,0,0.526426929
LOC6903210,NA,0,0.55713525,0,0,0,0,0.669212344,0.54242057,0,1.768768164
LOC6903212,RFeSP,0,0,0.630481953,0.560544729,0,0,0,0,0,1.191026683
LOC6903213,CG42597,-0.529222278,0,0,0,0,0,0,0,0,-0.529222278
LOC6903215,NA,0,1.189015792,1.278234367,1.110354344,0.96627374,0,1.458735971,1.404264706,0.865269177,8.272148098
LOC6903218,NA,0,0,0,0,1.474230266,0,0,0,0,1.474230266
LOC6903222,NA,0.625153282,0,0,0,0,0,0,0,0,0.625153282
LOC6903229,NA,0,0.840696535,0.832612328,0.86545781,1.06764286,0,0.883296004,0.87220189,0.583970933,5.94587836
LOC6903235,NA,0,0,0,0,0,0,0.503507867,0,0,0.503507867
LOC6903237,NA,0,0,0.636979778,0.515966685,0,0,0,0.72593984,0.514867801,2.393754103
LOC6903247,CG15631,0,0,0,0,0,0,0,0.569550948,0.504186347,1.073737295
LOC6903252,CG11929,0,0,-0.599591336,0,-0.622445892,0,-0.502584714,-0.660328631,-0.531448394,-2.916398968
LOC6903264,NA,0,0.580033363,0.787819643,0.616883756,0,0,0.623998682,0.684680096,0.509529014,3.802944554
LOC6903265,NA,0,0,0,0,0,0,0,-0.609048075,0,-0.609048075
LOC6903268,NA,0.50642148,0,0,0,0,0,0,0,0,0.50642148
LOC6903271,CG6304,0,0,0,0,0,0,0,-0.753977466,0,-0.753977466
LOC6903276,CG31805,0,-0.702859168,-0.666791624,-0.916434368,0,0,-0.58712844,-0.588408658,-1.088611589,-4.550233847
LOC6903280,CG34159,0,-0.725843333,-0.712373135,-0.848069765,-0.654485783,0,-0.677540144,-0.728197781,-0.640168358,-4.986678299
LOC6903309,CG32590,0.516147453,0,0,0,0,0,0,0,0,0.516147453
LOC6903341,NA,-0.673337152,0,0,0,0,0,0,0,0,-0.673337152
LOC6903342,NA,0,0,0,0.684811433,0,0,0,0,0,0.684811433
LOC6903365,NA,0,0,0,-0.683856127,-0.745086593,0,0,0,0,-1.428942721
LOC6903367,NA,0,0,0.554082176,0,0.555485491,0,0,0.50696533,0,1.616532998
LOC6903371,NA,0,0.573900357,1.104510551,0,0,0,0.977528685,1.321486953,0.596056073,4.573482619
LOC6903381,CG43796,0,0,0,0,0.882005161,0,0,0,-0.736743371,0.14526179
LOC6903392,ttm3,0,0,-0.510322355,0,0,0,0,0,0,-0.510322355
LOC6903394,NA,0,0.762194042,0.938839271,0.927218406,0,0,0.96756612,1.027318304,0.734596466,5.357732607
LOC6903397,NA,0.837576908,0,0,0,0,0,0,0,0,0.837576908
LOC6903402,NA,0,0.952536146,1.100457044,1.055489222,0.610019348,0,1.04418504,1.099719959,0.692417937,6.554824696
LOC6903415,NA,0,0,-0.591363814,-0.61227881,0,0,0,0,0,-1.203642624
LOC6903416,CG34334,0.734774417,0,0,0,0,0,0,0,0,0.734774417
LOC6903428,CG16852,-0.768610922,0,0,0,0,0,0,0,0,-0.768610922
LOC6903434,NA,0,0,0,-0.516225326,0,0,0,0,-0.635374319,-1.151599645
LOC6903452,CG32295,0,1.442102517,1.911059884,1.754245596,0.971241747,0,1.790231039,2.455305067,1.456736841,11.78092269
LOC6903471,ProtB,-0.659069003,0,0,0,0,-0.718206354,-0.713697653,-0.636967199,-0.520191501,-3.24813171
LOC6903479,NA,0,0,0,0,-0.535348488,0,0,0,0,-0.535348488
LOC6903489,CG33140,0,0.677689566,0.76891759,0.682348287,0,0,0.648435701,0.794752296,0.580084371,4.152227812
LOC6903496,CG17217,0,0.785445497,0.615876307,0.654091647,0,0,0.763058159,0.793976993,0.527422836,4.139871439
LOC6903510,CG13137,0,0,0,0,0,0,0,0,-0.53477147,-0.53477147
LOC6903528,NA,0,0.570862996,0.832034489,0.656944572,0,0,0.502527921,0.848327205,0.622066843,4.032764027
LOC6903534,NA,0,0,0,0.521244378,0,0,0,0,0,0.521244378
LOC6903538,NA,0,0.611620664,0.565511545,0,0,0,0.579505742,0.6191049,0,2.375742851
LOC6903539,CG31226,0,0,0,0.51413846,0,0,0,0,0,0.51413846
LOC6903545,CG42820,0,0,0,0,1.6063951,0,0,0,0,1.6063951
LOC6903557,CG3645,0,0,0.689245034,0,0,0,0.528214442,0.65595729,0,1.873416765
LOC6903581,NA,0,0.83453804,0.96802779,0.985511818,0,0,0.737660644,1.077806072,0.7858491,5.389393463
LOC6903594,NA,0,0,0,0,0,0,0,-0.550822988,-0.529459886,-1.080282874
LOC6903640,ATPsyndelta,0,0,0,0,0.934175645,0,0,0,0,0.934175645
LOC6903648,RpS27A,0.595741719,0,0,0,0,0,0,0,0,0.595741719
LOC6903723,Atg8b,0,0,-0.589768592,0,-0.626023889,0,-0.675279796,-0.613544398,0,-2.504616675
LOC6903891,betaTub56D,0.678827238,0,0,0,0,0,0,0,0,0.678827238
LOC6903893,CG32655,0,1.076440984,1.255253957,1.313919928,0.963461093,0,1.200620939,1.504253785,1.007990111,8.321940797
LOC6903952,CG8476,0,0.815234418,1.008020831,0.927502343,0,0,0.90995668,1.171145905,0.907144078,5.739004255
Y-linked-gene.173,NA,0,0,0,0,-0.604202287,0,0,0,0,-0.604202287
Y-linked-gene.289,NA,0,0,0,0,0.871844876,0,0,0,0,0.871844876
Y-linked-gene.759,NA,0,0,0,0,0.738015702,0,0,0,0,0.738015702
Rox2,Rox2,0,0,0,0,0,-0.629392837,0,0,0,-0.629392837